LSXPHOTO000003005,2018-09-25 16:23:15,12.8,26.6,198,8
DYKZ0000000009133,2019-11-19 21:18:01,12.2,8.3,3080,6
DYKZ0000000009131,2019-11-19 21:26:00,12.2,10.5,3181,9
LSXPHOTO000004007,2019-11-19 21:29:00,12.9,13.4,1,1
LSXPHOTO000004021,2019-11-19 21:36:01,12.9,14.7,1,0
LSXPHOTO000004002,2019-11-19 21:38:00,12.9,14.9,0,0
LSXPHOTO000004011,2019-11-19 21:41:01,12.9,13.9,0,0
LSXPHOTO000004004,2019-11-19 21:43:01,13,14.2,0,0
DYKZ0000000009133,2019-11-19 21:48:00,12.2,7.6,3080,6
DYKZ0000000009131,2019-11-19 21:56:00,12.2,10.3,3181,9
DYKZ0000000009137,2019-11-19 21:57:01,12.3,7.1,3158,9
LSXPHOTO000004007,2019-11-19 21:59:00,12.9,9.5,1,1
LSXPHOTO000004021,2019-11-19 22:06:01,12.9,10,2,1
LSXPHOTO000004002,2019-11-19 22:08:00,12.9,10.5,1,1
LSXPHOTO000004011,2019-11-19 22:11:01,12.9,10,1,1
LSXPHOTO000004004,2019-11-19 22:13:01,13,13.2,1,1
DYKZ0000000009133,2019-11-19 22:18:00,12.2,7.3,3081,7
DYKZ0000000009131,2019-11-19 22:26:00,12.2,10,3182,10
DYKZ0000000009137,2019-11-19 22:27:00,12.2,6.6,3159,10
LSXPHOTO000004007,2019-11-19 22:29:00,12.9,6.6,2,2
LSXPHOTO000004021,2019-11-19 22:36:01,12.9,8.1,2,1
LSXPHOTO000004002,2019-11-19 22:38:00,12.9,8.3,1,1
LSXPHOTO000004011,2019-11-19 22:41:00,12.9,8.3,1,1
LSXPHOTO000004004,2019-11-19 22:43:01,13,12.9,1,1
DYKZ0000000009133,2019-11-19 22:48:01,12.2,7.3,3081,7
DYKZ0000000009131,2019-11-19 22:56:00,12.1,9.3,3182,10
DYKZ0000000009137,2019-11-19 22:57:00,12.2,5.9,3159,10
LSXPHOTO000004007,2019-11-19 22:59:00,12.9,5.9,2,2
LSXPHOTO000004021,2019-11-19 23:06:01,12.9,7.3,3,2
LSXPHOTO000004002,2019-11-19 23:08:00,12.9,7.6,2,2
LSXPHOTO000004011,2019-11-19 23:11:00,12.9,7.6,2,2
LSXPHOTO000004004,2019-11-19 23:13:00,13,12.7,2,2
DYKZ0000000009133,2019-11-19 23:18:00,12.2,7.1,3082,8
DYKZ0000000009131,2019-11-19 23:26:00,12.1,8.8,3183,11
DYKZ0000000009137,2019-11-19 23:27:00,12.2,5.6,3160,11
LSXPHOTO000004007,2019-11-19 23:29:00,12.9,5.4,3,3
LSXPHOTO000004008,2019-11-19 23:29:00,12.9,6.1,2,2
LSXPHOTO000004021,2019-11-19 23:36:00,12.9,7.1,3,2
LSXPHOTO000004002,2019-11-19 23:38:00,12.9,7.1,2,2
LSXPHOTO000004011,2019-11-19 23:41:00,12.9,7.1,2,2
LSXPHOTO000004004,2019-11-19 23:43:00,13,12.7,2,2
DYKZ0000000009133,2019-11-19 23:48:00,12.2,7.1,3082,8
DYKZ0000000009131,2019-11-19 23:56:00,12.1,8.8,3183,11
DYKZ0000000009137,2019-11-19 23:57:00,12.2,5.9,3160,11
LSXPHOTO000004007,2019-11-19 23:59:00,12.9,4.9,3,3
LSXPHOTO000004021,2019-11-20 0:06:01,12.9,6.6,4,3
LSXPHOTO000004002,2019-11-20 0:08:00,12.9,6.8,3,3
LSXPHOTO000004011,2019-11-20 0:11:00,12.9,6.8,3,3
LSXPHOTO000004004,2019-11-20 0:13:00,13,12.7,3,3
DYKZ0000000009133,2019-11-20 0:18:00,12.2,7.1,3083,9
DYKZ0000000009131,2019-11-20 0:26:00,12.1,8.8,3184,12
DYKZ0000000009137,2019-11-20 0:27:00,12.2,6.1,3161,12
LSXPHOTO000004007,2019-11-20 0:29:00,12.9,4.4,4,4
LSXPHOTO000004008,2019-11-20 0:29:00,12.9,5.4,3,3
LSXPHOTO000004021,2019-11-20 0:36:01,12.9,6.4,4,3
LSXPHOTO000004002,2019-11-20 0:38:00,12.9,6.6,3,3
LSXPHOTO000004011,2019-11-20 0:41:00,12.9,6.4,3,3
LSXPHOTO000004004,2019-11-20 0:43:00,13,12.9,3,3
DYKZ0000000009133,2019-11-20 0:48:00,12.2,7.1,3083,9
DYKZ0000000009131,2019-11-20 0:56:00,12.1,8.8,3184,12
DYKZ0000000009137,2019-11-20 0:57:00,12.2,6.1,3161,12
LSXPHOTO000004007,2019-11-20 0:59:00,12.9,4.4,4,4
LSXPHOTO000004008,2019-11-20 0:59:00,12.9,5.1,3,3
LSXPHOTO000004021,2019-11-20 1:06:01,12.9,6.1,5,4
LSXPHOTO000004002,2019-11-20 1:08:00,12.9,6.1,4,4
LSXPHOTO000004011,2019-11-20 1:11:00,12.9,6.6,4,4
LSXPHOTO000004004,2019-11-20 1:13:00,13,12.9,4,4
DYKZ0000000009133,2019-11-20 1:18:00,12.2,6.6,3084,10
DYKZ0000000009131,2019-11-20 1:26:00,12.1,8.5,3185,13
DYKZ0000000009137,2019-11-20 1:27:00,12.2,5.6,3162,13
LSXPHOTO000004007,2019-11-20 1:29:00,12.9,4.2,5,5
LSXPHOTO000004008,2019-11-20 1:29:00,12.9,5.1,4,4
LSXPHOTO000004021,2019-11-20 1:36:01,12.9,5.9,5,4
LSXPHOTO000004002,2019-11-20 1:38:00,12.9,6.1,4,4
LSXPHOTO000004011,2019-11-20 1:41:00,12.9,6.1,4,4
LSXPHOTO000004004,2019-11-20 1:43:00,13,12.9,4,4
DYKZ0000000009133,2019-11-20 1:48:00,12.1,5.9,3084,10
DYKZ0000000009131,2019-11-20 1:56:00,12.1,8.3,3185,13
DYKZ0000000009137,2019-11-20 1:57:00,12.2,4.9,3162,13
LSXPHOTO000004007,2019-11-20 1:59:00,12.9,4.2,5,5
LSXPHOTO000004008,2019-11-20 1:59:00,12.9,5.4,4,4
LSXPHOTO000004021,2019-11-20 2:06:00,12.9,6.1,6,5
LSXPHOTO000004002,2019-11-20 2:08:00,12.9,6.4,5,5
LSXPHOTO000004011,2019-11-20 2:11:00,12.9,6.4,5,5
LSXPHOTO000004004,2019-11-20 2:13:00,13,12.7,5,5
DYKZ0000000009133,2019-11-20 2:18:00,12.1,5.9,3085,11
DYKZ0000000009131,2019-11-20 2:26:00,12.1,8.1,3186,14
DYKZ0000000009137,2019-11-20 2:27:00,12.2,4.6,3163,14
LSXPHOTO000004008,2019-11-20 2:29:00,12.9,5.4,5,5
LSXPHOTO000004007,2019-11-20 2:29:01,12.9,4.4,6,6
LSXPHOTO000004021,2019-11-20 2:36:00,12.9,6.1,6,5
LSXPHOTO000004002,2019-11-20 2:38:00,12.9,6.4,5,5
LSXPHOTO000004011,2019-11-20 2:41:00,12.9,6.6,5,5
LSXPHOTO000004004,2019-11-20 2:43:00,13,12.7,5,5
DYKZ0000000009133,2019-11-20 2:48:00,12.1,5.9,3085,11
DYKZ0000000009131,2019-11-20 2:56:00,12,7.8,3186,14
DYKZ0000000009137,2019-11-20 2:57:00,12.2,4.4,3163,14
LSXPHOTO000004008,2019-11-20 2:59:00,12.9,5.4,5,5
LSXPHOTO000004007,2019-11-20 2:59:01,12.9,4.4,6,6
LSXPHOTO000004021,2019-11-20 3:06:00,12.9,6.1,7,6
LSXPHOTO000004002,2019-11-20 3:08:00,12.9,6.4,6,6
LSXPHOTO000004011,2019-11-20 3:11:00,12.9,6.6,6,6
LSXPHOTO000004004,2019-11-20 3:13:01,13,12.5,6,6
DYKZ0000000009133,2019-11-20 3:18:00,12.1,5.9,3086,12
DYKZ0000000009131,2019-11-20 3:26:00,12,7.8,3187,15
DYKZ0000000009137,2019-11-20 3:27:00,12.1,4.2,3164,15
LSXPHOTO000004008,2019-11-20 3:29:00,12.9,5.4,6,6
LSXPHOTO000004007,2019-11-20 3:29:01,12.9,4.4,7,7
LSXPHOTO000004021,2019-11-20 3:36:00,12.9,6.1,7,6
LSXPHOTO000004002,2019-11-20 3:38:00,12.9,6.6,6,6
LSXPHOTO000004011,2019-11-20 3:41:00,12.9,6.4,6,6
LSXPHOTO000004004,2019-11-20 3:43:01,13,12.7,6,6
DYKZ0000000009133,2019-11-20 3:48:00,12.1,5.6,3086,12
DYKZ0000000009131,2019-11-20 3:56:00,12,7.3,3187,15
DYKZ0000000009137,2019-11-20 3:57:00,12.1,4.2,3164,15
LSXPHOTO000004008,2019-11-20 3:59:00,12.9,5.4,6,6
LSXPHOTO000004007,2019-11-20 3:59:01,12.9,4.4,7,7
LSXPHOTO000004021,2019-11-20 4:06:01,12.9,5.9,8,7
LSXPHOTO000004002,2019-11-20 4:08:00,12.9,6.4,7,7
LSXPHOTO000004011,2019-11-20 4:11:00,12.9,6.4,7,7
LSXPHOTO000004004,2019-11-20 4:13:00,13,12.5,7,7
DYKZ0000000009133,2019-11-20 4:18:00,12.1,5.6,3087,13
DYKZ0000000009131,2019-11-20 4:26:00,12,7.1,3188,16
DYKZ0000000009137,2019-11-20 4:27:00,12.1,3.7,3165,16
LSXPHOTO000004008,2019-11-20 4:29:00,12.9,4.9,7,7
LSXPHOTO000004007,2019-11-20 4:29:00,12.9,3.9,8,8
LSXPHOTO000004021,2019-11-20 4:36:00,12.9,5.6,8,7
LSXPHOTO000004002,2019-11-20 4:38:00,12.9,6.1,7,7
LSXPHOTO000004004,2019-11-20 4:43:00,13,12.5,7,7
DYKZ0000000009133,2019-11-20 4:48:00,12.1,5.4,3087,13
DYKZ0000000009131,2019-11-20 4:56:00,12,6.6,3188,16
DYKZ0000000009137,2019-11-20 4:57:00,12.1,3.4,3165,16
LSXPHOTO000004008,2019-11-20 4:59:00,12.9,4.6,7,7
LSXPHOTO000004007,2019-11-20 4:59:00,12.9,3.9,8,8
LSXPHOTO000004021,2019-11-20 5:06:01,12.9,5.4,9,8
LSXPHOTO000004002,2019-11-20 5:08:01,12.9,5.9,8,8
LSXPHOTO000004011,2019-11-20 5:11:00,12.9,5.9,8,8
LSXPHOTO000004004,2019-11-20 5:13:01,13,12.7,8,8
DYKZ0000000009133,2019-11-20 5:18:00,12.1,4.9,3088,14
DYKZ0000000009131,2019-11-20 5:26:00,12,6.4,3189,17
DYKZ0000000009137,2019-11-20 5:27:00,12.1,2.9,3166,17
LSXPHOTO000004008,2019-11-20 5:29:00,12.9,4.4,8,8
LSXPHOTO000004007,2019-11-20 5:29:00,12.9,3.7,9,9
LSXPHOTO000004021,2019-11-20 5:36:01,12.9,5.4,9,8
LSXPHOTO000004002,2019-11-20 5:38:01,12.9,5.6,8,8
LSXPHOTO000004011,2019-11-20 5:41:00,12.9,5.6,8,8
LSXPHOTO000004004,2019-11-20 5:43:01,13,12.7,8,8
DYKZ0000000009133,2019-11-20 5:48:00,12,4.6,3088,14
DYKZ0000000009131,2019-11-20 5:56:00,12,6.4,3189,17
DYKZ0000000009137,2019-11-20 5:57:00,12.1,2.7,3166,17
LSXPHOTO000004008,2019-11-20 5:59:00,12.9,4.6,8,8
LSXPHOTO000004007,2019-11-20 5:59:00,12.9,3.9,9,9
LSXPHOTO000004021,2019-11-20 6:06:01,12.9,5.6,10,9
LSXPHOTO000004002,2019-11-20 6:08:00,12.9,5.9,9,9
LSXPHOTO000004011,2019-11-20 6:11:00,12.9,5.6,9,9
LSXPHOTO000004004,2019-11-20 6:13:01,13,12.7,9,9
DYKZ0000000009133,2019-11-20 6:18:00,12,4.6,3089,15
DYKZ0000000009131,2019-11-20 6:26:00,11.9,6.1,3190,18
DYKZ0000000009137,2019-11-20 6:27:00,12.1,2.7,3167,18
LSXPHOTO000004008,2019-11-20 6:29:00,12.9,4.6,9,9
LSXPHOTO000004007,2019-11-20 6:29:01,12.9,3.9,10,10
LSXPHOTO000004021,2019-11-20 6:36:00,12.9,5.4,10,9
LSXPHOTO000004002,2019-11-20 6:38:00,12.9,5.9,9,9
LSXPHOTO000004011,2019-11-20 6:41:01,12.9,5.6,9,9
LSXPHOTO000004004,2019-11-20 6:43:01,12.9,12.7,9,9
DYKZ0000000009133,2019-11-20 6:48:00,12,4.6,3089,15
DYKZ0000000009131,2019-11-20 6:56:00,11.9,6.1,3190,18
DYKZ0000000009137,2019-11-20 6:57:00,12.1,2.4,3167,18
LSXPHOTO000004008,2019-11-20 6:59:00,12.9,4.6,9,9
LSXPHOTO000004007,2019-11-20 6:59:01,12.9,3.7,10,10
LSXPHOTO000004021,2019-11-20 7:06:01,12.9,5.6,11,10
LSXPHOTO000004002,2019-11-20 7:08:00,12.9,5.9,10,10
LSXPHOTO000004011,2019-11-20 7:11:00,12.9,5.9,10,10
LSXPHOTO000004004,2019-11-20 7:13:01,13,12.7,10,10
DYKZ0000000009133,2019-11-20 7:18:00,12,4.6,3090,16
DYKZ0000000009131,2019-11-20 7:26:00,11.9,6.1,3191,19
DYKZ0000000009137,2019-11-20 7:27:01,12.1,2.7,3168,19
LSXPHOTO000004007,2019-11-20 7:29:00,12.9,3.9,11,11
LSXPHOTO000004008,2019-11-20 7:29:00,12.9,4.9,10,10
LSXPHOTO000004021,2019-11-20 7:36:00,12.9,5.6,11,10
LSXPHOTO000004002,2019-11-20 7:38:01,12.9,6.1,10,10
LSXPHOTO000004004,2019-11-20 7:43:01,13,12.7,10,10
DYKZ0000000009133,2019-11-20 7:48:00,12,4.4,3090,16
DYKZ0000000009131,2019-11-20 7:56:00,11.9,6.4,3191,19
DYKZ0000000009137,2019-11-20 7:57:01,12,2.4,3168,19
LSXPHOTO000004008,2019-11-20 7:59:00,12.9,4.9,10,10
LSXPHOTO000004007,2019-11-20 7:59:01,12.9,3.9,11,11
LSXPHOTO000004021,2019-11-20 8:06:01,12.9,5.6,12,11
LSXPHOTO000004002,2019-11-20 8:08:01,12.7,7.8,11,11
LSXPHOTO000004011,2019-11-20 8:11:01,12.9,6.1,11,11
LSXPHOTO000004004,2019-11-20 8:13:01,13,12.7,11,11
DYKZ0000000009133,2019-11-20 8:18:00,11.8,6.4,3091,17
DYKZ0000000009131,2019-11-20 8:26:01,11.9,6.1,3192,20
DYKZ0000000009137,2019-11-20 8:27:01,11.8,5.1,3169,20
LSXPHOTO000004008,2019-11-20 8:29:00,12.9,5.1,11,11
LSXPHOTO000004021,2019-11-20 8:36:01,12.9,6.1,12,11
LSXPHOTO000004011,2019-11-20 8:41:01,12.9,6.6,11,11
DYKZ0000000009133,2019-11-20 8:48:00,11.9,7.8,3091,17
DYKZ0000000009131,2019-11-20 8:56:00,11.9,8.3,3192,20
LSXPHOTO000004007,2019-11-20 8:59:00,12.8,5.1,12,12
LSXPHOTO000004008,2019-11-20 8:59:01,12.9,5.6,11,11
DYKZ0000000009137,2019-11-20 9:01:00,12.7,6.1,3170,1
LSXPHOTO000004021,2019-11-20 9:06:00,12.9,6.8,13,12
LSXPHOTO000004002,2019-11-20 9:08:00,12.9,8.3,12,12
LSXPHOTO000004011,2019-11-20 9:11:01,12.9,7.3,12,12
DYKZ0000000009133,2019-11-20 9:18:00,12.2,9,3092,18
LSXPHOTO000004007,2019-11-20 9:29:00,12.8,5.9,13,13
LSXPHOTO000004008,2019-11-20 9:29:01,12.9,6.4,12,12
LSXPHOTO000004004,2019-11-20 9:30:00,13,13.2,11,0
DYKZ0000000009137,2019-11-20 9:31:00,13.2,7.8,3170,1
LSXPHOTO000004021,2019-11-20 9:36:01,12.9,7.6,13,12
LSXPHOTO000004002,2019-11-20 9:38:00,12.9,8.1,12,12
LSXPHOTO000004047,2019-11-25 10:53:01,16.1,8.1,66,0
LSYPHOTO000009926,2019-11-25 11:00:00,14.7,9.5,66,3
DYKZ0000000009137,2019-11-25 11:00:01,13.2,7.6,3291,2
LSXPHOTO000004012,2019-11-25 11:02:00,16.1,8.5,67,1
DYKZ0000000009131,2019-11-25 11:12:00,13.3,8.5,3315,20
DYKZ0000000009133,2019-11-25 11:13:00,13.3,12.7,3214,19
LSXPHOTO000004046,2019-11-25 11:16:00,16.1,7.1,67,1
LSXPHOTO000004047,2019-11-25 11:23:00,16.1,8.5,67,1
LSYPHOTO000009926,2019-11-25 11:30:00,14.7,9.8,67,4
LSXPHOTO000004012,2019-11-25 11:32:00,16.1,8.5,67,1
DYKZ0000000009133,2019-11-25 11:43:00,13.3,15.1,3214,19
LSXPHOTO000004046,2019-11-25 11:46:00,16.1,7.3,67,1
LSXPHOTO000004047,2019-11-25 11:53:00,16,8.5,67,1
DYKZ0000000009136,2019-11-25 11:59:00,11.8,5.9,31,1
LSYPHOTO000009926,2019-11-25 12:00:00,14.7,9.3,67,4
DYKZ0000000009137,2019-11-25 12:00:01,13.2,10.5,3292,3
LSXPHOTO000004012,2019-11-25 12:02:00,16.1,8.5,68,2
DYKZ0000000009131,2019-11-25 12:05:00,13.3,12.2,3316,1
DYKZ0000000009133,2019-11-25 12:13:00,13.3,16.1,3215,20
LSXPHOTO000004046,2019-11-25 12:16:00,16.1,6.8,68,2
LSXPHOTO000004047,2019-11-25 12:23:00,16.1,8.3,68,2
LSYPHOTO000009926,2019-11-25 12:30:00,14.7,9.3,68,5
DYKZ0000000009137,2019-11-25 12:30:01,13.2,11.5,3292,3
LSXPHOTO000004012,2019-11-25 12:32:00,16.1,8.5,68,2
DYKZ0000000009131,2019-11-25 12:35:00,13.3,13.7,3316,1
DYKZ0000000009133,2019-11-25 12:43:00,13.3,16.4,3215,20
LSXPHOTO000004046,2019-11-25 12:46:01,16.1,7.3,68,2
LSXPHOTO000004047,2019-11-25 12:53:01,16.1,8.8,68,2
LSYPHOTO000009926,2019-11-25 13:00:01,14.7,10,68,5
LSXPHOTO000004012,2019-11-25 13:02:00,16.1,9,69,3
DYKZ0000000009131,2019-11-25 13:05:00,13.3,14.7,3317,2
LSXPHOTO000004046,2019-11-25 13:16:00,16.1,7.8,69,3
DYKZ0000000009132,2019-11-25 13:18:00,11.9,0.7,2903,1
DYKZ0000000009133,2019-11-25 13:22:00,13.3,17.1,3216,1
LSXPHOTO000004047,2019-11-25 13:23:01,16.1,9,69,3
LSYPHOTO000009926,2019-11-25 13:30:01,14.7,10.5,69,6
DYKZ0000000009137,2019-11-25 13:30:00,13.2,13.2,3293,4
LSXPHOTO000004012,2019-11-25 13:32:00,16.1,9.5,69,3
DYKZ0000000009131,2019-11-25 13:35:00,13.3,15.6,3317,2
LSXPHOTO000004046,2019-11-25 13:46:01,16.1,8.3,69,3
DYKZ0000000009132,2019-11-25 13:48:00,11.3,4.6,2903,1
DYKZ0000000009133,2019-11-25 13:52:00,13.3,17.1,3216,1
LSXPHOTO000004047,2019-11-25 13:53:01,16.1,9.5,69,3
LSYPHOTO000009926,2019-11-25 14:00:01,14.7,11,69,6
DYKZ0000000009137,2019-11-25 14:00:01,13.2,13.4,3294,5
LSXPHOTO000004012,2019-11-25 14:02:00,16.1,10,70,4
DYKZ0000000009131,2019-11-25 14:05:00,13.3,16.1,3318,3
LSXPHOTO000004046,2019-11-25 14:16:00,16.1,8.5,70,4
DYKZ0000000009132,2019-11-25 14:18:00,11.9,7.6,2904,2
DYKZ0000000009133,2019-11-25 14:22:00,13.3,16.6,3217,2
LSXPHOTO000004047,2019-11-25 14:23:00,16.1,9.8,70,4
DYKZ0000000009137,2019-11-25 14:30:01,13.2,13.7,3294,5
LSYPHOTO000009926,2019-11-25 14:30:01,14.7,10.7,70,7
LSXPHOTO000004012,2019-11-25 14:32:01,16.1,10,70,4
DYKZ0000000009131,2019-11-25 14:35:00,13.3,17.1,3318,3
DYKZ0000000009136,2019-11-25 14:30:00,13,9.8,32,0
LSXPHOTO000004046,2019-11-25 14:46:01,16.1,8.3,70,4
DYKZ0000000009132,2019-11-25 14:48:00,12.1,9.5,2904,2
DYKZ0000000009133,2019-11-25 14:52:00,13.3,17.3,3217,2
LSXPHOTO000004047,2019-11-25 14:53:00,16.1,9.8,70,4
LSYPHOTO000009926,2019-11-25 15:00:01,14.7,11,70,7
DYKZ0000000009137,2019-11-25 15:00:01,13.2,13.4,3295,6
LSXPHOTO000004012,2019-11-25 15:02:00,16.1,10,71,5
DYKZ0000000009131,2019-11-25 15:05:00,13.3,17.8,3319,4
LSXPHOTO000004046,2019-11-25 15:16:00,16.1,8.5,71,5
DYKZ0000000009132,2019-11-25 15:18:00,12.1,11.5,2905,3
DYKZ0000000009133,2019-11-25 15:22:00,13.3,18.6,3218,3
LSXPHOTO000004047,2019-11-25 15:23:00,16.1,9.8,71,5
LSYPHOTO000009926,2019-11-25 15:30:01,14.7,10.7,71,8
DYKZ0000000009137,2019-11-25 15:30:01,13.2,13.2,3295,6
LSXPHOTO000004012,2019-11-25 15:32:01,16,10,71,5
DYKZ0000000009136,2019-11-25 15:30:01,12.9,12.2,33,1
DYKZ0000000009131,2019-11-25 15:35:01,13.1,19.3,3319,4
LSXPHOTO000004046,2019-11-25 15:46:01,16.1,8.3,71,5
DYKZ0000000009132,2019-11-25 15:48:00,12,12.5,2905,3
DYKZ0000000009133,2019-11-25 15:52:00,13.3,18.6,3218,3
LSXPHOTO000004047,2019-11-25 15:53:00,16,9.8,71,5
LSYPHOTO000009926,2019-11-25 16:00:00,14.7,10.7,71,8
DYKZ0000000009137,2019-11-25 16:00:01,13.2,13.2,3296,7
DYKZ0000000009136,2019-11-25 16:00:01,12.7,12.7,34,2
LSXPHOTO000004012,2019-11-25 16:02:00,16,10.3,72,6
DYKZ0000000009131,2019-11-25 16:05:01,12.9,19.5,3320,5
LSXPHOTO000004046,2019-11-25 16:16:00,16,8.3,72,6
DYKZ0000000009132,2019-11-25 16:18:00,11.6,12.7,2906,4
DYKZ0000000009133,2019-11-25 16:22:00,13.3,17.8,3219,4
LSXPHOTO000004047,2019-11-25 16:23:00,16,9.3,72,6
LSYPHOTO000009926,2019-11-25 16:30:01,14.8,10.3,72,9
DYKZ0000000009137,2019-11-25 16:30:01,13.1,12.2,3296,7
LSXPHOTO000004012,2019-11-25 16:32:00,16,9.5,72,6
DYKZ0000000009131,2019-11-25 16:33:01,12.5,17.8,3320,5
LSXPHOTO000004046,2019-11-25 16:46:00,16,7.3,72,6
DYKZ0000000009132,2019-11-25 16:48:00,11.7,11.5,2906,4
DYKZ0000000009133,2019-11-25 16:52:00,13.3,15.4,3219,4
LSXPHOTO000004047,2019-11-25 16:53:00,16,8.3,72,6
DYKZ0000000009137,2019-11-25 17:00:00,12.7,10.5,3297,8
LSYPHOTO000009926,2019-11-25 17:00:00,14.7,9,72,9
LSXPHOTO000004012,2019-11-25 17:02:00,16,8.5,73,7
DYKZ0000000009131,2019-11-25 17:03:01,12.2,15.1,3321,6
LSXPHOTO000004046,2019-11-25 17:16:01,16,6.4,73,7
DYKZ0000000009132,2019-11-25 17:18:00,11.6,9.5,2907,5
LSXPHOTO000004047,2019-11-25 17:23:01,15.9,7.3,73,7
DYKZ0000000009136,2019-11-25 17:30:01,11.8,12.5,35,3
LSYPHOTO000009926,2019-11-25 17:30:00,14.7,8.5,73,10
DYKZ0000000009137,2019-11-25 17:30:00,12.3,9,3297,8
LSXPHOTO000004012,2019-11-25 17:32:00,16,7.6,73,7
DYKZ0000000009131,2019-11-25 17:33:01,12.1,12.9,3321,6
LSXPHOTO000004046,2019-11-25 17:46:01,15.9,5.9,73,7
DYKZ0000000009132,2019-11-25 17:48:00,11.4,5.9,2907,5
DYKZ0000000009133,2019-11-25 17:52:00,12.2,10.5,3220,5
LSXPHOTO000004047,2019-11-25 17:53:00,15.9,6.8,73,7
LSYPHOTO000009926,2019-11-25 18:00:00,14.7,7.8,73,10
DYKZ0000000009137,2019-11-25 18:00:00,12.2,7.8,3298,9
LSXPHOTO000004012,2019-11-25 18:02:01,16,7.3,74,8
DYKZ0000000009136,2019-11-25 18:00:01,11.7,11.2,36,4
DYKZ0000000009131,2019-11-25 18:03:00,12.1,11,3322,7
LSXPHOTO000004046,2019-11-25 18:16:00,15.9,5.1,74,8
DYKZ0000000009132,2019-11-25 18:18:01,11.3,3.9,2908,6
DYKZ0000000009133,2019-11-25 18:22:00,12.1,8.8,3221,6
LSXPHOTO000004047,2019-11-25 18:23:01,16,6.4,74,8
LSYPHOTO000009926,2019-11-25 18:30:00,14.7,7.6,74,11
DYKZ0000000009137,2019-11-25 18:30:01,12.1,6.4,3298,9
LSXPHOTO000004012,2019-11-25 18:32:01,16,6.8,74,8
DYKZ0000000009131,2019-11-25 18:33:00,12,9.8,3322,7
LSXPHOTO000004046,2019-11-25 18:46:01,16,5.1,74,8
DYKZ0000000009132,2019-11-25 18:48:01,11.3,2.7,2908,6
DYKZ0000000009133,2019-11-25 18:52:00,12,8.5,3221,6
LSXPHOTO000004047,2019-11-25 18:53:01,16,6.1,74,8
LSYPHOTO000009926,2019-11-25 19:00:00,14.7,7.6,74,11
DYKZ0000000009137,2019-11-25 19:00:01,12,7.1,3299,10
LSXPHOTO000004012,2019-11-25 19:02:00,16,6.8,75,9
DYKZ0000000009131,2019-11-25 19:03:00,11.9,9.3,3323,8
LSXPHOTO000004046,2019-11-25 19:16:00,16,5.1,75,9
DYKZ0000000009132,2019-11-25 19:18:01,11.2,2,2909,7
DYKZ0000000009133,2019-11-25 19:22:00,11.9,9,3222,7
LSXPHOTO000004047,2019-11-25 19:23:00,16,6.1,75,9
LSYPHOTO000009926,2019-11-25 19:30:00,14.7,7.3,75,12
DYKZ0000000009137,2019-11-25 19:30:00,12,7.6,3299,10
DYKZ0000000009136,2019-11-25 19:30:00,11.6,11.7,37,5
LSXPHOTO000004012,2019-11-25 19:32:01,16,6.6,75,9
DYKZ0000000009131,2019-11-25 19:33:00,11.9,8.8,3323,8
LSXPHOTO000004046,2019-11-25 19:46:00,16,4.9,75,9
DYKZ0000000009132,2019-11-25 19:48:01,11.2,1.5,2909,7
DYKZ0000000009133,2019-11-25 19:52:00,11.9,9,3222,7
LSXPHOTO000004047,2019-11-25 19:53:01,16,6.1,75,9
LSYPHOTO000009926,2019-11-25 20:00:00,14.7,7.1,75,12
DYKZ0000000009137,2019-11-25 20:00:01,11.9,7.6,3300,11
LSXPHOTO000004012,2019-11-25 20:02:01,16,6.6,76,10
DYKZ0000000009131,2019-11-25 20:03:01,12.1,8.3,3324,9
LSXPHOTO000004046,2019-11-25 20:16:01,16,4.4,76,10
DYKZ0000000009132,2019-11-25 20:18:01,11.2,1.2,2910,8
LSXPHOTO000004047,2019-11-25 20:23:01,16,5.6,76,10
LSYPHOTO000009926,2019-11-25 20:30:00,14.7,6.6,76,13
DYKZ0000000009136,2019-11-25 20:30:01,11.9,7.1,38,6
LSXPHOTO000004012,2019-11-25 20:32:00,16,6.1,76,10
DYKZ0000000009131,2019-11-25 20:33:01,12.1,5.6,3324,9
LSXPHOTO000004046,2019-11-25 20:46:01,16,4.2,76,10
DYKZ0000000009132,2019-11-25 20:48:01,11.2,1,2910,8
DYKZ0000000009133,2019-11-25 20:52:00,12.2,3.2,3223,8
LSXPHOTO000004047,2019-11-25 20:53:00,16,5.4,76,10
LSYPHOTO000009926,2019-11-25 21:00:01,14.7,6.6,76,13
LSXPHOTO000004012,2019-11-25 21:02:01,15.9,5.9,77,11
DYKZ0000000009131,2019-11-25 21:03:01,12.1,4.4,3325,10
LSXPHOTO000004046,2019-11-25 21:16:00,16,4.2,77,11
DYKZ0000000009133,2019-11-25 21:20:00,12.1,2.7,3224,9
LSYPHOTO000009926,2019-11-25 21:30:00,14.6,6.6,77,14
LSXPHOTO000004012,2019-11-25 21:32:00,16,5.9,77,11
DYKZ0000000009131,2019-11-25 21:33:00,12.1,4.4,3325,10
LSXPHOTO000004046,2019-11-25 21:46:00,16,3.9,77,11
DYKZ0000000009132,2019-11-25 21:48:00,11.1,1,2911,9
DYKZ0000000009133,2019-11-25 21:50:00,12.1,2.4,3224,9
LSXPHOTO000004047,2019-11-25 21:53:00,16,5.4,77,11
LSYPHOTO000009926,2019-11-25 22:00:00,14.6,6.4,77,14
DYKZ0000000009137,2019-11-25 22:00:01,12.2,0.7,3302,13
LSXPHOTO000004012,2019-11-25 22:02:00,16,6.1,78,12
DYKZ0000000009131,2019-11-25 22:03:01,12.1,3.9,3326,11
DYKZ0000000009136,2019-11-25 22:00:00,11.9,4.9,40,8
LSXPHOTO000004046,2019-11-25 22:16:00,16,3.9,78,12
DYKZ0000000009132,2019-11-25 22:18:00,11.1,1.2,2912,10
DYKZ0000000009133,2019-11-25 22:20:00,12.1,2.2,3225,10
LSXPHOTO000004047,2019-11-25 22:23:00,16,5.4,78,12
DYKZ0000000009137,2019-11-25 22:30:00,12.2,0.7,3302,13
LSYPHOTO000009926,2019-11-25 22:30:00,14.6,6.6,78,15
LSXPHOTO000004012,2019-11-25 22:32:01,15.9,5.9,78,12
DYKZ0000000009131,2019-11-25 22:33:01,12.1,3.9,3326,11
LSXPHOTO000004046,2019-11-25 22:46:01,16,4.2,78,12
DYKZ0000000009132,2019-11-25 22:48:00,11.1,0.7,2912,10
DYKZ0000000009133,2019-11-25 22:50:01,12.1,1.7,3225,10
LSXPHOTO000004047,2019-11-25 22:53:00,16,5.4,78,12
DYKZ0000000009137,2019-11-25 23:00:01,12.2,0.7,3303,14
LSYPHOTO000009926,2019-11-25 23:00:00,14.6,6.4,78,15
LSXPHOTO000004012,2019-11-25 23:02:01,15.9,5.9,79,13
DYKZ0000000009131,2019-11-25 23:03:01,12.1,3.7,3327,12
LSXPHOTO000004046,2019-11-25 23:16:01,16,4.2,79,13
DYKZ0000000009132,2019-11-25 23:18:00,11.1,0.5,2913,11
DYKZ0000000009133,2019-11-25 23:20:00,12.1,1.2,3226,11
LSXPHOTO000004047,2019-11-25 23:23:01,15.9,5.1,79,13
LSYPHOTO000009926,2019-11-25 23:30:01,14.6,6.4,79,16
DYKZ0000000009137,2019-11-25 23:30:00,12.2,0.5,3303,14
LSXPHOTO000004012,2019-11-25 23:32:00,15.9,5.9,79,13
DYKZ0000000009131,2019-11-25 23:33:01,12.1,3.4,3327,12
LSXPHOTO000004046,2019-11-25 23:46:01,16,3.9,79,13
DYKZ0000000009132,2019-11-25 23:48:00,11,0,2913,11
DYKZ0000000009133,2019-11-25 23:50:00,12.1,0.7,3226,11
LSXPHOTO000004047,2019-11-25 23:53:01,15.9,5.1,79,13
LSYPHOTO000009926,2019-11-26 0:00:00,14.6,6.4,79,16
LSXPHOTO000004012,2019-11-26 0:02:00,15.9,5.9,80,14
DYKZ0000000009131,2019-11-26 0:03:01,12.1,3.2,3328,13
LSXPHOTO000004046,2019-11-26 0:16:00,15.9,3.9,80,14
DYKZ0000000009133,2019-11-26 0:20:00,12.1,0.5,3227,12
LSXPHOTO000004047,2019-11-26 0:23:00,15.9,5.4,80,14
LSYPHOTO000009926,2019-11-26 0:30:00,14.6,6.4,80,17
DYKZ0000000009137,2019-11-26 0:30:00,12.2,-0.1,3304,15
LSXPHOTO000004012,2019-11-26 0:32:01,15.9,5.6,80,14
DYKZ0000000009131,2019-11-26 0:33:01,12,2.9,3328,13
DYKZ0000000009136,2019-11-26 0:30:01,11.8,3.7,42,10
LSXPHOTO000004046,2019-11-26 0:46:01,15.9,3.9,80,14
DYKZ0000000009133,2019-11-26 0:50:00,12.1,0.2,3227,12
LSXPHOTO000004047,2019-11-26 0:53:00,15.9,5.4,80,14
DYKZ0000000009137,2019-11-26 1:00:01,12.1,-0.4,3305,16
LSYPHOTO000009926,2019-11-26 1:00:00,14.6,6.1,80,17
DYKZ0000000009136,2019-11-26 1:00:00,11.8,3.4,43,11
LSXPHOTO000004012,2019-11-26 1:02:00,15.9,5.6,81,15
DYKZ0000000009131,2019-11-26 1:03:00,12,2.4,3329,14
LSXPHOTO000004046,2019-11-26 1:16:00,15.9,3.7,81,15
DYKZ0000000009133,2019-11-26 1:20:00,12,0,3228,13
LSXPHOTO000004047,2019-11-26 1:23:01,15.9,5.1,81,15
LSYPHOTO000009926,2019-11-26 1:30:01,14.6,6.1,81,18
DYKZ0000000009137,2019-11-26 1:30:01,12.1,-0.6,3305,16
LSXPHOTO000004012,2019-11-26 1:32:00,15.9,5.6,81,15
DYKZ0000000009131,2019-11-26 1:33:00,12,2,3329,14
LSXPHOTO000004046,2019-11-26 1:46:01,15.9,3.9,81,15
DYKZ0000000009133,2019-11-26 1:50:00,12,-0.1,3228,13
LSXPHOTO000004047,2019-11-26 1:53:00,15.9,4.9,81,15
LSYPHOTO000009926,2019-11-26 2:00:00,14.5,6.1,81,18
LSXPHOTO000004012,2019-11-26 2:02:00,15.9,5.4,82,16
DYKZ0000000009131,2019-11-26 2:03:00,12,2,3330,15
LSXPHOTO000004046,2019-11-26 2:16:01,15.9,3.7,82,16
DYKZ0000000009133,2019-11-26 2:20:01,12,-0.1,3229,14
LSXPHOTO000004047,2019-11-26 2:23:00,15.9,4.9,82,16
DYKZ0000000009137,2019-11-26 2:30:00,12.1,-1.1,3306,17
LSYPHOTO000009926,2019-11-26 2:30:01,14.5,6.1,82,19
LSXPHOTO000004012,2019-11-26 2:32:00,15.9,5.6,82,16
DYKZ0000000009131,2019-11-26 2:33:00,12,1.7,3330,15
DYKZ0000000009136,2019-11-26 2:30:00,11.8,3.2,44,12
LSXPHOTO000004046,2019-11-26 2:46:01,15.9,3.9,82,16
DYKZ0000000009133,2019-11-26 2:50:01,12,-0.1,3229,14
LSXPHOTO000004047,2019-11-26 2:53:01,15.9,4.9,82,16
LSYPHOTO000009926,2019-11-26 3:00:01,14.5,6.1,82,19
DYKZ0000000009137,2019-11-26 3:00:00,12.1,-1.1,3307,18
LSXPHOTO000004012,2019-11-26 3:02:00,15.9,5.4,83,17
DYKZ0000000009136,2019-11-26 3:00:01,11.8,3.2,45,13
DYKZ0000000009131,2019-11-26 3:03:00,12,1.7,3331,16
LSXPHOTO000004046,2019-11-26 3:16:00,15.9,3.7,83,17
DYKZ0000000009133,2019-11-26 3:20:01,12,-0.4,3230,15
LSXPHOTO000004047,2019-11-26 3:23:01,15.9,4.6,83,17
LSYPHOTO000009926,2019-11-26 3:30:01,14.5,6.1,83,20
LSXPHOTO000004012,2019-11-26 3:32:01,15.9,5.4,83,17
DYKZ0000000009131,2019-11-26 3:33:00,12,1.5,3331,16
LSXPHOTO000004046,2019-11-26 3:46:01,15.9,3.4,83,17
DYKZ0000000009133,2019-11-26 3:50:01,12,-0.4,3230,15
LSXPHOTO000004047,2019-11-26 3:53:00,15.9,4.9,83,17
LSYPHOTO000009926,2019-11-26 4:00:01,14.5,6.1,83,20
DYKZ0000000009136,2019-11-26 4:00:00,11.8,1.7,46,14
DYKZ0000000009137,2019-11-26 4:00:01,12.1,-1.4,3308,19
LSXPHOTO000004012,2019-11-26 4:02:00,15.9,5.6,84,18
DYKZ0000000009131,2019-11-26 4:03:00,11.9,1.5,3332,17
LSXPHOTO000004046,2019-11-26 4:16:00,15.9,3.7,84,18
DYKZ0000000009133,2019-11-26 4:20:01,12,-0.1,3231,16
LSXPHOTO000004047,2019-11-26 4:23:01,15.9,4.9,84,18
DYKZ0000000009137,2019-11-26 4:30:00,12,-1.4,3308,19
DYKZ0000000009136,2019-11-26 4:30:00,11.8,1,46,14
LSXPHOTO000004012,2019-11-26 4:32:00,15.9,5.4,84,18
DYKZ0000000009131,2019-11-26 4:33:00,11.9,1,3332,17
LSYPHOTO000009926,2019-11-26 4:38:00,14.5,6.4,84,0
LSXPHOTO000004046,2019-11-26 4:46:00,15.9,3.7,84,18
DYKZ0000000009133,2019-11-26 4:50:01,11.9,-0.6,3231,16
LSXPHOTO000004047,2019-11-26 4:53:01,15.8,5.1,84,18
DYKZ0000000009137,2019-11-26 5:00:01,12,-1.4,3309,20
LSXPHOTO000004012,2019-11-26 5:02:00,15.9,5.4,85,19
DYKZ0000000009131,2019-11-26 5:03:00,11.9,0.7,3333,18
LSYPHOTO000009926,2019-11-26 5:08:00,14.5,6.1,85,1
LSXPHOTO000004046,2019-11-26 5:16:00,15.8,3.7,85,19
DYKZ0000000009133,2019-11-26 5:20:01,11.9,-0.9,3232,17
LSXPHOTO000004047,2019-11-26 5:23:01,15.8,4.9,85,19
LSXPHOTO000004012,2019-11-26 5:32:00,15.9,5.6,85,19
DYKZ0000000009131,2019-11-26 5:33:00,11.9,0.2,3333,18
DYKZ0000000009137,2019-11-26 5:35:00,12.1,-1.4,3309,0
LSYPHOTO000009926,2019-11-26 5:38:00,14.5,6.4,85,1
LSXPHOTO000004046,2019-11-26 5:46:00,15.8,3.7,85,19
DYKZ0000000009133,2019-11-26 5:50:01,11.9,-0.9,3232,17
LSXPHOTO000004047,2019-11-26 5:53:01,15.8,5.1,85,19
DYKZ0000000009136,2019-11-26 6:00:00,11.8,1.5,48,16
LSXPHOTO000004012,2019-11-26 6:02:00,15.9,5.6,86,20
DYKZ0000000009131,2019-11-26 6:03:01,11.9,0,3334,19
DYKZ0000000009137,2019-11-26 6:05:00,12.1,-2.1,3310,1
LSYPHOTO000009926,2019-11-26 6:08:00,14.5,6.4,86,2
LSXPHOTO000004046,2019-11-26 6:16:01,15.9,3.7,86,20
DYKZ0000000009133,2019-11-26 6:20:00,11.9,-0.9,3233,18
LSXPHOTO000004047,2019-11-26 6:23:01,15.9,4.9,86,20
DYKZ0000000009136,2019-11-26 6:30:00,11.8,0.5,48,16
LSXPHOTO000004012,2019-11-26 6:32:00,15.8,5.6,86,20
DYKZ0000000009131,2019-11-26 6:33:01,11.9,0,3334,19
DYKZ0000000009137,2019-11-26 6:35:00,12,-2.6,3310,1
LSYPHOTO000009926,2019-11-26 6:38:01,14.5,6.4,86,2
LSXPHOTO000004046,2019-11-26 6:46:00,15.9,3.9,86,20
DYKZ0000000009133,2019-11-26 6:50:01,11.9,-1.1,3233,18
LSXPHOTO000004047,2019-11-26 6:53:01,15.9,5.1,86,20
LSXPHOTO000004012,2019-11-26 7:02:01,15.9,5.6,87,21
DYKZ0000000009136,2019-11-26 7:00:00,11.8,0.7,49,17
DYKZ0000000009131,2019-11-26 7:03:01,11.9,0,3335,20
DYKZ0000000009137,2019-11-26 7:05:00,12,-2.6,3311,2
LSYPHOTO000009926,2019-11-26 7:08:00,14.5,6.4,87,3
LSXPHOTO000004046,2019-11-26 7:16:01,15.9,3.9,87,21
DYKZ0000000009133,2019-11-26 7:20:00,11.9,-1.1,3234,19
DYKZ0000000009131,2019-11-26 7:33:01,11.9,0.2,3335,20
DYKZ0000000009137,2019-11-26 7:35:00,12,-2.8,3311,2
LSYPHOTO000009926,2019-11-26 7:38:01,14.5,6.4,87,3
LSXPHOTO000004047,2019-11-26 7:40:00,15.9,4.9,87,0
DYKZ0000000009133,2019-11-26 7:50:01,11.9,-1.4,3234,19
LSXPHOTO000004012,2019-11-26 7:53:01,15.9,5.4,87,0
DYKZ0000000009136,2019-11-26 8:00:00,11.5,7.3,50,18
DYKZ0000000009137,2019-11-26 8:05:00,11.7,-2.3,3312,3
LSXPHOTO000004046,2019-11-26 8:07:00,15.9,3.7,88,1
LSYPHOTO000009926,2019-11-26 8:08:00,14.5,6.6,88,4
LSXPHOTO000004047,2019-11-26 8:10:00,15.9,5.4,88,1
DYKZ0000000009133,2019-11-26 8:20:00,11.9,-1.4,3235,20
LSXPHOTO000004012,2019-11-26 8:23:00,15.9,5.9,88,1
DYKZ0000000009131,2019-11-26 8:27:00,11.6,2.7,3336,1
DYKZ0000000009137,2019-11-26 8:35:00,11.8,0.5,3312,3
LSXPHOTO000004046,2019-11-26 8:37:00,15.9,4.2,88,1
LSYPHOTO000009926,2019-11-26 8:38:01,14.5,7.1,88,4
LSXPHOTO000004047,2019-11-26 8:40:00,15.9,5.4,88,1
LSXPHOTO000004012,2019-11-26 8:53:00,15.9,6.4,88,1
DYKZ0000000009131,2019-11-26 8:57:00,11.7,3.9,3336,1
DYKZ0000000009137,2019-11-26 9:05:01,12.5,1.5,3313,4
LSXPHOTO000004046,2019-11-26 9:07:00,15.9,4.9,89,2
LSYPHOTO000009926,2019-11-26 9:08:01,14.5,7.3,89,5
LSXPHOTO000004047,2019-11-26 9:10:00,15.9,6.4,89,2
LSXPHOTO000004012,2019-11-26 9:23:00,16,6.8,89,2
DYKZ0000000009131,2019-11-26 9:27:00,12.6,4.6,3337,2
DYKZ0000000009133,2019-11-26 9:32:01,12.6,3.7,3235,0
DYKZ0000000009137,2019-11-26 9:35:01,13.2,2.7,3313,4
LSXPHOTO000004046,2019-11-26 9:37:00,16,5.4,89,2
LSYPHOTO000009926,2019-11-26 9:38:01,14.5,7.8,89,5
LSXPHOTO000004047,2019-11-26 9:40:00,15.9,6.8,89,2
LSXPHOTO000004012,2019-11-26 9:53:00,15.9,7.6,89,2
DYKZ0000000009131,2019-11-26 9:57:00,13.2,6.1,3337,2
DYKZ0000000009136,2019-11-26 10:00:01,12.9,7.3,52,20
DYKZ0000000009133,2019-11-26 10:02:00,13.1,7.3,3236,1
DYKZ0000000009137,2019-11-26 10:05:01,13.2,4.9,3314,5
LSXPHOTO000004046,2019-11-26 10:07:01,16,6.4,90,3
LSYPHOTO000009926,2019-11-26 10:08:01,14.5,8.8,90,6
LSXPHOTO000004047,2019-11-26 10:10:00,16,7.6,90,3
LSXPHOTO000004012,2019-11-26 10:23:00,16,8.1,90,3
DYKZ0000000009131,2019-11-26 10:27:01,13.2,8.5,3338,3
DYKZ0000000009133,2019-11-26 10:32:00,13.2,9.8,3236,1
DYKZ0000000009137,2019-11-26 10:35:01,13.2,6.1,3314,5
LSYPHOTO000009926,2019-11-26 10:38:01,14.5,9,90,6
LSXPHOTO000004047,2019-11-26 10:40:00,16,7.6,90,3
LSXPHOTO000004012,2019-11-26 10:53:00,16,8.3,90,3
DYKZ0000000009131,2019-11-26 10:57:00,13.2,11.7,3338,3
DYKZ0000000009136,2019-11-26 11:00:01,13,9.3,53,21
DYKZ0000000009133,2019-11-26 11:02:00,13.2,13.2,3237,2
DYKZ0000000009137,2019-11-26 11:05:01,13.2,8.5,3315,6
LSXPHOTO000004046,2019-11-26 11:07:00,16,7.1,91,4
LSYPHOTO000009926,2019-11-26 11:08:00,14.5,9.5,91,7
LSXPHOTO000004047,2019-11-26 11:10:00,16,8.5,91,4
LSXPHOTO000004012,2019-11-26 11:23:00,16,9,91,4
DYKZ0000000009131,2019-11-26 11:27:00,13.3,14.7,3339,4
DYKZ0000000009133,2019-11-26 11:32:00,13.3,15.4,3237,2
DYKZ0000000009137,2019-11-26 11:35:00,13.2,9,3315,6
LSXPHOTO000004046,2019-11-26 11:37:01,16,8.1,91,4
LSYPHOTO000009926,2019-11-26 11:38:00,14.5,10,91,7
LSXPHOTO000004047,2019-11-26 11:40:00,16,8.8,91,4
LSXPHOTO000004012,2019-11-26 11:53:00,16,9.5,91,4
DYKZ0000000009131,2019-11-26 11:57:00,13.3,16.1,3339,4
DYKZ0000000009133,2019-11-26 12:02:00,13.3,15.9,3238,3
DYKZ0000000009137,2019-11-26 12:05:01,13.2,11.5,3316,7
LSXPHOTO000004046,2019-11-26 12:07:01,16,8.1,92,5
LSYPHOTO000009926,2019-11-26 12:08:00,14.5,10.3,92,8
LSXPHOTO000004047,2019-11-26 12:10:00,16,9.3,92,5
LSXPHOTO000004012,2019-11-26 12:23:00,16,10,92,5
DYKZ0000000009131,2019-11-26 12:27:00,13.3,19,3340,5
DYKZ0000000009133,2019-11-26 12:32:00,13.3,15.9,3238,3
DYKZ0000000009137,2019-11-26 12:35:01,13.2,12.7,3316,7
LSXPHOTO000004046,2019-11-26 12:37:01,16,8.5,92,5
LSXPHOTO000004047,2019-11-26 12:40:00,16,9.3,92,5
LSXPHOTO000004012,2019-11-26 12:53:00,16,10.3,92,5
DYKZ0000000009131,2019-11-26 12:57:00,13.3,20.5,3340,5
DYKZ0000000009133,2019-11-26 13:02:00,13.3,16.8,3239,4
DYKZ0000000009137,2019-11-26 13:05:00,13.2,13.2,3317,8
LSXPHOTO000004046,2019-11-26 13:07:01,16,9,93,6
LSYPHOTO000009926,2019-11-26 13:08:01,14.6,11,93,9
LSXPHOTO000004047,2019-11-26 13:10:00,16,10,93,6
DYKZ0000000009132,2019-11-26 13:18:00,11.4,3.2,2915,1
LSXPHOTO000004012,2019-11-26 13:23:00,16.1,10.3,93,6
DYKZ0000000009131,2019-11-26 13:27:00,13.3,20.5,3341,6
DYKZ0000000009133,2019-11-26 13:32:00,13.3,17.6,3239,4
DYKZ0000000009137,2019-11-26 13:35:00,13.2,13.7,3317,8
LSXPHOTO000004046,2019-11-26 13:37:01,16.1,9.3,93,6
LSYPHOTO000009926,2019-11-26 13:38:00,14.7,11.5,93,9
LSXPHOTO000004047,2019-11-26 13:40:01,16,10.3,93,6
DYKZ0000000009132,2019-11-26 13:48:00,11.6,7.1,2915,1
LSXPHOTO000004012,2019-11-26 13:53:00,16,10.7,93,6
DYKZ0000000009131,2019-11-26 13:57:00,13.1,19.3,3341,6
DYKZ0000000009133,2019-11-26 14:02:00,13.3,16.8,3240,5
DYKZ0000000009137,2019-11-26 14:05:00,13.2,12.7,3318,9
LSXPHOTO000004046,2019-11-26 14:07:01,16,9.3,94,7
LSYPHOTO000009926,2019-11-26 14:08:01,14.7,11.2,94,10
LSXPHOTO000004047,2019-11-26 14:10:01,16,10,94,7
DYKZ0000000009132,2019-11-26 14:18:00,11.7,8.8,2916,2
LSXPHOTO000004012,2019-11-26 14:23:01,16,10.7,94,7
DYKZ0000000009131,2019-11-26 14:27:01,13.2,17.6,3342,7
DYKZ0000000009133,2019-11-26 14:32:00,13.3,16.6,3240,5
DYKZ0000000009137,2019-11-26 14:35:01,13.2,12.2,3318,9
LSXPHOTO000004046,2019-11-26 14:37:01,16.1,9.3,94,7
LSYPHOTO000009926,2019-11-26 14:38:00,14.7,11.5,94,10
LSXPHOTO000004047,2019-11-26 14:40:00,16.1,10,94,7
DYKZ0000000009132,2019-11-26 14:48:00,12.1,10.5,2916,2
LSXPHOTO000004012,2019-11-26 14:53:01,16,10.7,94,7
DYKZ0000000009131,2019-11-26 14:57:00,13.3,17.8,3342,7
DYKZ0000000009133,2019-11-26 15:02:00,13.3,16.6,3241,6
DYKZ0000000009137,2019-11-26 15:05:01,13.2,12.9,3319,10
LSXPHOTO000004046,2019-11-26 15:07:01,16.1,8.8,95,8
LSYPHOTO000009926,2019-11-26 15:08:00,14.7,11,95,11
LSXPHOTO000004047,2019-11-26 15:10:01,16.1,9.8,95,8
DYKZ0000000009132,2019-11-26 15:18:00,12,12,2917,3
LSXPHOTO000004012,2019-11-26 15:23:01,16,9.8,95,8
DYKZ0000000009131,2019-11-26 15:27:00,13.1,18.3,3343,8
DYKZ0000000009133,2019-11-26 15:32:00,13.3,17.1,3241,6
DYKZ0000000009137,2019-11-26 15:35:01,13.2,12.9,3319,10
LSXPHOTO000004046,2019-11-26 15:37:01,16.1,8.3,95,8
LSYPHOTO000009926,2019-11-26 15:38:00,14.7,10.5,95,11
LSXPHOTO000004047,2019-11-26 15:40:00,16.1,9.3,95,8
DYKZ0000000009132,2019-11-26 15:48:00,11.6,12.2,2917,3
LSXPHOTO000004012,2019-11-26 15:53:01,16.1,9.8,95,8
DYKZ0000000009131,2019-11-26 15:57:01,12.6,17.6,3343,8
DYKZ0000000009133,2019-11-26 16:02:00,12.9,15.6,3242,7
DYKZ0000000009137,2019-11-26 16:05:01,13.2,12.5,3320,11
LSXPHOTO000004046,2019-11-26 16:07:01,16.1,8.3,96,9
LSYPHOTO000009926,2019-11-26 16:08:01,14.7,10.3,96,12
LSXPHOTO000004047,2019-11-26 16:10:00,16,9,96,9
DYKZ0000000009132,2019-11-26 16:18:00,11.4,11.5,2918,4
LSXPHOTO000004012,2019-11-26 16:23:01,16,9.5,96,9
DYKZ0000000009131,2019-11-26 16:27:00,12.4,16.6,3344,9
DYKZ0000000009133,2019-11-26 16:32:00,13.2,13.9,3242,7
DYKZ0000000009137,2019-11-26 16:35:01,13.1,11.5,3320,11
LSXPHOTO000004046,2019-11-26 16:37:01,16,7.8,96,9
LSYPHOTO000009926,2019-11-26 16:38:00,14.7,9.8,96,12
LSXPHOTO000004047,2019-11-26 16:40:01,16,9,96,9
DYKZ0000000009132,2019-11-26 16:48:00,11.4,11,2918,4
LSXPHOTO000004012,2019-11-26 16:53:01,16,9.3,96,9
DYKZ0000000009131,2019-11-26 16:57:00,12.2,15.4,3344,9
DYKZ0000000009133,2019-11-26 17:02:00,12.9,13.2,3243,8
DYKZ0000000009137,2019-11-26 17:05:01,12.5,10.3,3321,12
LSXPHOTO000004046,2019-11-26 17:07:01,16,7.6,97,10
LSYPHOTO000009926,2019-11-26 17:08:00,14.7,9.8,97,13
LSXPHOTO000004047,2019-11-26 17:10:01,16,8.5,97,10
DYKZ0000000009132,2019-11-26 17:18:00,11.6,8.3,2919,5
LSXPHOTO000004012,2019-11-26 17:23:01,16,8.8,97,10
DYKZ0000000009131,2019-11-26 17:27:00,12.1,13.9,3345,10
DYKZ0000000009133,2019-11-26 17:32:00,12.3,12,3243,8
DYKZ0000000009137,2019-11-26 17:35:01,12.2,9.3,3321,12
LSXPHOTO000004046,2019-11-26 17:37:00,16,7.1,97,10
LSYPHOTO000009926,2019-11-26 17:38:01,14.7,9.3,97,13
LSXPHOTO000004047,2019-11-26 17:40:00,16,8.3,97,10
DYKZ0000000009136,2019-11-26 17:45:01,11.9,10.5,59,5
DYKZ0000000009132,2019-11-26 17:48:00,11.3,6.4,2919,5
LSXPHOTO000004012,2019-11-26 17:53:00,16,8.3,97,10
DYKZ0000000009131,2019-11-26 17:57:00,12,12.7,3345,10
DYKZ0000000009133,2019-11-26 18:02:00,12.1,10.5,3244,9
DYKZ0000000009137,2019-11-26 18:05:01,12.2,8.8,3322,13
LSXPHOTO000004046,2019-11-26 18:07:01,16,6.6,98,11
LSYPHOTO000009926,2019-11-26 18:08:01,14.6,8.8,98,14
LSXPHOTO000004047,2019-11-26 18:10:00,16,7.6,98,11
DYKZ0000000009136,2019-11-26 18:15:01,11.9,9.5,60,6
DYKZ0000000009132,2019-11-26 18:18:00,11.3,4.4,2920,6
LSXPHOTO000004012,2019-11-26 18:23:01,16,8.1,98,11
DYKZ0000000009131,2019-11-26 18:27:00,12,11.5,3346,11
DYKZ0000000009133,2019-11-26 18:32:00,12.1,8.8,3244,9
DYKZ0000000009137,2019-11-26 18:35:00,12.1,7.6,3322,13
LSXPHOTO000004046,2019-11-26 18:37:00,16,6.1,98,11
LSYPHOTO000009926,2019-11-26 18:38:01,14.6,8.5,98,14
LSXPHOTO000004047,2019-11-26 18:40:01,16,7.3,98,11
DYKZ0000000009136,2019-11-26 18:45:01,11.7,9.5,60,6
DYKZ0000000009132,2019-11-26 18:48:00,11.2,3.4,2920,6
LSXPHOTO000004012,2019-11-26 18:53:01,16,7.8,98,11
DYKZ0000000009131,2019-11-26 18:57:00,12,10.7,3346,11
DYKZ0000000009133,2019-11-26 19:02:01,11.9,9.8,3245,10
DYKZ0000000009137,2019-11-26 19:05:01,12,8.3,3323,14
LSXPHOTO000004046,2019-11-26 19:07:00,16,5.9,99,12
LSYPHOTO000009926,2019-11-26 19:08:01,14.6,8.3,99,15
LSXPHOTO000004047,2019-11-26 19:10:01,16,7.1,99,12
DYKZ0000000009136,2019-11-26 19:15:01,11.6,10.5,61,7
DYKZ0000000009132,2019-11-26 19:18:00,11.2,2.9,2921,7
LSXPHOTO000004012,2019-11-26 19:23:01,16,7.6,99,12
DYKZ0000000009131,2019-11-26 19:27:00,11.9,10.5,3347,12
DYKZ0000000009133,2019-11-26 19:32:01,11.9,9.8,3245,10
LSXPHOTO000004046,2019-11-26 19:37:01,15.9,5.9,99,12
LSYPHOTO000009926,2019-11-26 19:38:00,14.6,8.3,99,15
LSXPHOTO000004047,2019-11-26 19:40:01,15.9,7.1,99,12
DYKZ0000000009136,2019-11-26 19:45:01,11.6,11,61,7
DYKZ0000000009132,2019-11-26 19:48:00,11.2,2.2,2921,7
LSXPHOTO000004012,2019-11-26 19:53:00,16,7.6,99,12
DYKZ0000000009131,2019-11-26 19:57:00,11.9,10.3,3347,12
DYKZ0000000009133,2019-11-26 20:02:00,12.2,9.8,3246,11
DYKZ0000000009137,2019-11-26 20:05:01,12.2,7.3,3324,15
LSXPHOTO000004046,2019-11-26 20:07:00,15.9,5.9,100,13
LSYPHOTO000009926,2019-11-26 20:08:00,14.6,8.3,100,16
LSXPHOTO000004047,2019-11-26 20:10:00,15.9,6.8,100,13
DYKZ0000000009136,2019-11-26 20:15:00,11.9,7.8,62,8
DYKZ0000000009132,2019-11-26 20:18:00,11.2,2,2922,8
LSXPHOTO000004012,2019-11-26 20:23:00,16,7.3,100,13
DYKZ0000000009131,2019-11-26 20:27:00,12.1,7.3,3348,13
DYKZ0000000009133,2019-11-26 20:32:00,12.2,4.6,3246,11
DYKZ0000000009137,2019-11-26 20:35:01,12.2,3.9,3324,15
LSXPHOTO000004046,2019-11-26 20:37:01,15.9,5.9,100,13
LSYPHOTO000009926,2019-11-26 20:38:00,14.6,8.1,100,16
LSXPHOTO000004047,2019-11-26 20:40:00,15.9,6.8,100,13
DYKZ0000000009136,2019-11-26 20:45:01,11.9,5.6,62,8
DYKZ0000000009132,2019-11-26 20:48:00,11.1,2,2922,8
LSXPHOTO000004012,2019-11-26 20:53:00,15.9,7.1,100,13
DYKZ0000000009131,2019-11-26 20:57:00,12.1,6.1,3348,13
DYKZ0000000009133,2019-11-26 21:02:00,12.2,3.7,3247,12
DYKZ0000000009137,2019-11-26 21:05:01,12.2,2.7,3325,16
LSXPHOTO000004046,2019-11-26 21:07:01,15.9,5.6,101,14
LSYPHOTO000009926,2019-11-26 21:08:00,14.6,8.1,101,17
LSXPHOTO000004047,2019-11-26 21:10:00,15.9,6.6,101,14
DYKZ0000000009136,2019-11-26 21:15:01,11.9,4.4,63,9
DYKZ0000000009132,2019-11-26 21:18:00,11.1,1.7,2923,9
LSXPHOTO000004012,2019-11-26 21:23:01,15.9,7.1,101,14
DYKZ0000000009131,2019-11-26 21:27:00,12.1,5.4,3349,14
DYKZ0000000009133,2019-11-26 21:32:00,12.1,2.7,3247,12
DYKZ0000000009137,2019-11-26 21:35:01,12.2,2,3325,16
LSXPHOTO000004046,2019-11-26 21:37:00,15.9,5.6,101,14
LSYPHOTO000009926,2019-11-26 21:38:01,14.6,8.1,101,17
LSXPHOTO000004047,2019-11-26 21:40:00,15.9,6.6,101,14
DYKZ0000000009136,2019-11-26 21:45:01,11.8,4.2,63,9
LSXPHOTO000004012,2019-11-26 21:53:01,15.9,7.3,101,14
DYKZ0000000009131,2019-11-26 21:57:00,12.1,5.1,3349,14
DYKZ0000000009133,2019-11-26 22:02:00,12.2,2.2,3248,13
DYKZ0000000009137,2019-11-26 22:05:00,12.2,1.5,3326,17
LSXPHOTO000004046,2019-11-26 22:07:01,15.9,5.6,102,15
LSYPHOTO000009926,2019-11-26 22:08:01,14.6,7.8,102,18
LSXPHOTO000004047,2019-11-26 22:10:00,15.9,6.8,102,15
DYKZ0000000009136,2019-11-26 22:15:01,11.8,3.7,64,10
LSXPHOTO000004012,2019-11-26 22:23:01,15.9,7.1,102,15
DYKZ0000000009131,2019-11-26 22:27:01,12.1,5.1,3350,15
DYKZ0000000009133,2019-11-26 22:32:00,12.2,1.7,3248,13
DYKZ0000000009137,2019-11-26 22:35:00,12.2,1.5,3326,17
LSXPHOTO000004046,2019-11-26 22:37:01,15.9,5.6,102,15
LSYPHOTO000009926,2019-11-26 22:38:01,14.5,8.1,102,18
LSXPHOTO000004047,2019-11-26 22:40:01,15.9,6.8,102,15
DYKZ0000000009136,2019-11-26 22:45:01,11.8,3.4,64,10
LSXPHOTO000004012,2019-11-26 22:53:00,15.9,7.1,102,15
DYKZ0000000009131,2019-11-26 22:57:01,12.1,4.9,3350,15
DYKZ0000000009133,2019-11-26 23:02:00,12.1,1.5,3249,14
DYKZ0000000009137,2019-11-26 23:05:00,12.2,1,3327,18
LSXPHOTO000004046,2019-11-26 23:07:00,15.9,5.6,103,16
LSYPHOTO000009926,2019-11-26 23:08:00,14.5,8.1,103,19
LSXPHOTO000004047,2019-11-26 23:10:00,15.9,6.8,103,16
DYKZ0000000009136,2019-11-26 23:15:01,11.8,3.2,65,11
LSXPHOTO000004012,2019-11-26 23:23:01,15.9,6.8,103,16
DYKZ0000000009131,2019-11-26 23:27:01,12.1,4.4,3351,16
DYKZ0000000009133,2019-11-26 23:32:00,12.1,1.5,3249,14
DYKZ0000000009137,2019-11-26 23:35:01,12.2,1,3327,18
LSXPHOTO000004046,2019-11-26 23:37:01,16,5.4,103,16
LSYPHOTO000009926,2019-11-26 23:38:00,14.5,7.8,103,19
LSXPHOTO000004047,2019-11-26 23:40:00,15.9,6.6,103,16
DYKZ0000000009136,2019-11-26 23:45:01,11.8,3.2,65,11
LSXPHOTO000004012,2019-11-26 23:53:00,15.9,7.1,103,16
DYKZ0000000009131,2019-11-26 23:57:01,12.1,4.6,3351,16
DYKZ0000000009133,2019-11-27 0:02:00,12.1,1.2,3250,15
LSXPHOTO000004046,2019-11-27 0:07:00,15.9,5.4,104,17
LSYPHOTO000009926,2019-11-27 0:08:00,14.5,8.1,104,20
LSXPHOTO000004047,2019-11-27 0:10:00,15.9,6.6,104,17
DYKZ0000000009136,2019-11-27 0:15:01,11.8,2.7,66,12
LSXPHOTO000004012,2019-11-27 0:23:00,15.9,7.1,104,17
DYKZ0000000009131,2019-11-27 0:27:01,12.1,4.4,3352,17
DYKZ0000000009133,2019-11-27 0:32:00,12.1,1,3250,15
DYKZ0000000009137,2019-11-27 0:35:01,12.1,0.2,3328,19
LSXPHOTO000004046,2019-11-27 0:37:01,15.9,5.4,104,17
LSYPHOTO000009926,2019-11-27 0:38:00,14.5,8.1,104,20
LSXPHOTO000004047,2019-11-27 0:40:00,15.9,6.8,104,17
DYKZ0000000009136,2019-11-27 0:45:01,11.8,2.4,66,12
LSXPHOTO000004012,2019-11-27 0:53:01,15.9,7.1,104,17
DYKZ0000000009131,2019-11-27 0:57:01,12,3.9,3352,17
DYKZ0000000009133,2019-11-27 1:02:00,12.1,0.2,3251,16
LSXPHOTO000004046,2019-11-27 1:07:01,15.9,5.6,105,18
LSXPHOTO000004047,2019-11-27 1:10:01,15.9,6.8,105,18
DYKZ0000000009136,2019-11-27 1:15:01,11.8,2.4,67,13
LSYPHOTO000009926,2019-11-27 1:16:00,14.5,8.1,105,1
LSXPHOTO000004012,2019-11-27 1:23:01,15.9,7.1,105,18
DYKZ0000000009131,2019-11-27 1:27:00,12,3.7,3353,18
DYKZ0000000009133,2019-11-27 1:32:00,12.1,0.2,3251,16
LSXPHOTO000004046,2019-11-27 1:37:00,15.9,5.6,105,18
LSXPHOTO000004047,2019-11-27 1:40:01,15.8,6.8,105,18
DYKZ0000000009137,2019-11-27 1:40:01,12.1,0.5,3329,0
DYKZ0000000009136,2019-11-27 1:45:01,11.8,2.2,67,13
LSYPHOTO000009926,2019-11-27 1:46:00,14.5,8.3,105,1
LSXPHOTO000004012,2019-11-27 1:53:00,15.9,7.1,105,18
DYKZ0000000009131,2019-11-27 1:57:00,12,3.2,3353,18
DYKZ0000000009133,2019-11-27 2:02:01,12,0,3252,17
LSXPHOTO000004046,2019-11-27 2:07:01,15.9,5.6,106,19
LSXPHOTO000004047,2019-11-27 2:10:00,15.9,6.8,106,19
DYKZ0000000009137,2019-11-27 2:10:01,12.1,0,3330,1
LSYPHOTO000009926,2019-11-27 2:16:00,14.5,8.1,106,2
LSXPHOTO000004012,2019-11-27 2:23:01,15.9,7.3,106,19
DYKZ0000000009131,2019-11-27 2:27:00,12,2.7,3354,19
DYKZ0000000009133,2019-11-27 2:32:01,12.1,0,3252,17
LSXPHOTO000004046,2019-11-27 2:37:01,15.9,5.6,106,19
LSXPHOTO000004047,2019-11-27 2:40:01,15.9,7.1,106,19
DYKZ0000000009137,2019-11-27 2:40:01,12.1,-0.6,3330,1
LSYPHOTO000009926,2019-11-27 2:46:00,14.5,8.3,106,2
DYKZ0000000009136,2019-11-27 2:45:01,11.8,3.4,68,14
LSXPHOTO000004012,2019-11-27 2:53:01,15.9,7.3,106,19
DYKZ0000000009131,2019-11-27 2:57:00,12,2.2,3354,19
DYKZ0000000009133,2019-11-27 3:02:01,12,0,3253,18
LSXPHOTO000004046,2019-11-27 3:07:01,15.9,5.6,107,20
LSXPHOTO000004047,2019-11-27 3:10:01,15.9,6.8,107,20
DYKZ0000000009137,2019-11-27 3:10:01,12.1,-0.9,3331,2
DYKZ0000000009136,2019-11-27 3:15:00,11.8,2.4,69,15
LSYPHOTO000009926,2019-11-27 3:16:00,14.5,8.1,107,3
LSXPHOTO000004012,2019-11-27 3:23:01,15.9,7.1,107,20
DYKZ0000000009131,2019-11-27 3:27:00,12,2,3355,20
DYKZ0000000009133,2019-11-27 3:32:01,12,-0.1,3253,18
LSXPHOTO000004046,2019-11-27 3:37:01,15.9,5.6,107,20
LSXPHOTO000004047,2019-11-27 3:40:00,15.9,6.6,107,20
DYKZ0000000009137,2019-11-27 3:40:01,12.1,-1.1,3331,2
DYKZ0000000009136,2019-11-27 3:45:00,11.8,2,69,15
LSYPHOTO000009926,2019-11-27 3:46:00,14.5,8.1,107,3
LSXPHOTO000004012,2019-11-27 3:53:00,15.9,7.1,107,20
DYKZ0000000009131,2019-11-27 3:57:00,12,1.7,3355,20
DYKZ0000000009133,2019-11-27 4:02:01,12,-0.1,3254,19
LSXPHOTO000004046,2019-11-27 4:07:01,15.9,5.6,108,21
DYKZ0000000009137,2019-11-27 4:10:00,12.1,-0.6,3332,3
DYKZ0000000009136,2019-11-27 4:15:00,11.8,1.5,70,16
LSYPHOTO000009926,2019-11-27 4:16:01,14.5,7.8,108,4
LSXPHOTO000004047,2019-11-27 4:27:00,15.9,6.4,108,1
DYKZ0000000009133,2019-11-27 4:32:01,12,-0.1,3254,19
DYKZ0000000009137,2019-11-27 4:40:00,12.1,-0.6,3332,3
DYKZ0000000009136,2019-11-27 4:45:00,11.8,1.7,70,16
LSYPHOTO000009926,2019-11-27 4:46:00,14.5,7.8,108,4
LSXPHOTO000004012,2019-11-27 4:48:01,15.9,6.8,108,0
DYKZ0000000009131,2019-11-27 4:49:00,12,2,3356,0
LSXPHOTO000004047,2019-11-27 4:57:00,15.9,6.6,108,1
LSXPHOTO000004046,2019-11-27 4:57:01,15.9,5.1,108,0
DYKZ0000000009133,2019-11-27 5:02:01,12,0,3255,20
DYKZ0000000009137,2019-11-27 5:10:01,12,-0.6,3333,4
DYKZ0000000009136,2019-11-27 5:15:00,11.8,1.5,71,17
LSYPHOTO000009926,2019-11-27 5:16:00,14.4,7.8,109,5
LSXPHOTO000004012,2019-11-27 5:18:00,15.9,7.1,109,1
DYKZ0000000009131,2019-11-27 5:19:00,11.9,1,3357,1
LSXPHOTO000004046,2019-11-27 5:27:00,15.9,5.4,109,1
LSXPHOTO000004047,2019-11-27 5:27:00,15.9,6.6,109,2
DYKZ0000000009137,2019-11-27 5:40:01,12,-0.9,3333,4
DYKZ0000000009133,2019-11-27 5:41:01,12,0.2,3255,0
DYKZ0000000009136,2019-11-27 5:45:00,11.7,1,71,17
LSYPHOTO000009926,2019-11-27 5:46:00,14.4,8.1,109,5
LSXPHOTO000004012,2019-11-27 5:48:01,15.9,7.1,109,1
DYKZ0000000009131,2019-11-27 5:49:00,11.9,0.5,3357,1
LSXPHOTO000004046,2019-11-27 5:57:00,15.9,5.4,109,1
LSXPHOTO000004047,2019-11-27 5:57:01,15.9,6.8,109,2
DYKZ0000000009137,2019-11-27 6:10:01,12,-1.6,3334,5
DYKZ0000000009133,2019-11-27 6:11:00,11.8,-0.9,3256,1
DYKZ0000000009136,2019-11-27 6:15:01,11.7,0.2,72,18
LSYPHOTO000009926,2019-11-27 6:16:01,14.4,8.3,110,6
LSXPHOTO000004012,2019-11-27 6:18:01,15.9,7.1,110,2
DYKZ0000000009131,2019-11-27 6:19:00,11.9,0,3358,2
LSXPHOTO000004046,2019-11-27 6:27:01,15.9,5.6,110,2
LSXPHOTO000004047,2019-11-27 6:27:00,15.9,6.8,110,3
DYKZ0000000009137,2019-11-27 6:40:01,12,-2.1,3334,5
DYKZ0000000009133,2019-11-27 6:41:01,11.9,-1.9,3256,1
DYKZ0000000009136,2019-11-27 6:45:01,11.7,-0.1,72,18
LSYPHOTO000009926,2019-11-27 6:46:00,14.4,8.3,110,6
LSXPHOTO000004012,2019-11-27 6:48:01,15.9,7.3,110,2
DYKZ0000000009131,2019-11-27 6:49:00,11.9,-0.1,3358,2
LSXPHOTO000004046,2019-11-27 6:57:00,15.9,5.9,110,2
LSXPHOTO000004047,2019-11-27 6:57:01,15.9,6.8,110,3
DYKZ0000000009133,2019-11-27 7:11:00,11.9,-2.6,3257,2
DYKZ0000000009136,2019-11-27 7:15:01,11.4,2.2,73,19
LSYPHOTO000009926,2019-11-27 7:16:01,14.4,8.3,111,7
LSXPHOTO000004012,2019-11-27 7:18:01,15.9,7.6,111,3
DYKZ0000000009131,2019-11-27 7:19:00,11.9,-0.9,3359,3
LSXPHOTO000004047,2019-11-27 7:27:00,15.9,6.8,111,4
LSXPHOTO000004046,2019-11-27 7:27:01,15.9,5.9,111,3
DYKZ0000000009137,2019-11-27 7:40:00,12,-3.6,3335,6
DYKZ0000000009133,2019-11-27 7:41:00,11.9,-2.8,3257,2
DYKZ0000000009136,2019-11-27 7:45:01,11.4,4.2,73,19
LSYPHOTO000009926,2019-11-27 7:46:01,14.4,8.5,111,7
LSXPHOTO000004012,2019-11-27 7:48:01,15.9,7.8,111,3
DYKZ0000000009131,2019-11-27 7:49:00,11.8,-1.1,3359,3
LSXPHOTO000004046,2019-11-27 7:57:00,15.9,6.1,111,3
LSXPHOTO000004047,2019-11-27 7:57:01,15.9,7.1,111,4
DYKZ0000000009137,2019-11-27 8:10:01,11.7,-2.3,3336,7
DYKZ0000000009133,2019-11-27 8:11:00,11.9,-3.6,3258,3
DYKZ0000000009136,2019-11-27 8:15:01,11.5,3.4,74,20
LSYPHOTO000009926,2019-11-27 8:16:00,14.3,9,112,8
LSXPHOTO000004012,2019-11-27 8:18:00,15.9,8.1,112,4
DYKZ0000000009131,2019-11-27 8:19:00,11.8,-1.4,3360,4
LSXPHOTO000004046,2019-11-27 8:27:00,15.9,6.6,112,4
LSXPHOTO000004047,2019-11-27 8:27:00,15.9,7.8,112,5
DYKZ0000000009137,2019-11-27 8:40:00,11.7,-1.1,3336,7
DYKZ0000000009133,2019-11-27 8:41:00,11.7,-3.3,3258,3
LSYPHOTO000009926,2019-11-27 8:46:00,14.3,9,112,8
LSXPHOTO000004012,2019-11-27 8:48:01,15.9,8.3,112,4
DYKZ0000000009131,2019-11-27 8:49:00,11.7,-1.4,3360,4
DYKZ0000000009136,2019-11-27 8:52:01,11.5,2.7,74,0
LSXPHOTO000004046,2019-11-27 8:57:00,15.9,6.6,112,4
LSXPHOTO000004047,2019-11-27 8:57:01,15.9,7.6,112,5
DYKZ0000000009137,2019-11-27 9:10:01,12.4,-0.1,3337,8
DYKZ0000000009133,2019-11-27 9:11:00,11.8,0,3259,4
LSYPHOTO000009926,2019-11-27 9:16:00,14.3,9,113,9
LSXPHOTO000004012,2019-11-27 9:18:00,15.9,8.1,113,5
DYKZ0000000009131,2019-11-27 9:19:00,12.2,1.2,3361,5
DYKZ0000000009136,2019-11-27 9:22:00,12,2.7,75,1
LSXPHOTO000004046,2019-11-27 9:27:00,15.9,6.6,113,5
LSXPHOTO000004047,2019-11-27 9:27:01,15.8,7.6,113,6
DYKZ0000000009137,2019-11-27 9:40:00,13.2,1.5,3337,8
DYKZ0000000009133,2019-11-27 9:41:00,12.9,2.4,3259,4
LSYPHOTO000009926,2019-11-27 9:46:00,14.4,9.3,113,9
LSXPHOTO000004012,2019-11-27 9:48:01,15.9,8.8,113,5
DYKZ0000000009131,2019-11-27 9:49:00,13.1,2.7,3361,5
DYKZ0000000009136,2019-11-27 9:52:00,12.6,3.9,75,1
LSXPHOTO000004047,2019-11-27 9:57:01,15.8,8.3,113,6
LSXPHOTO000004046,2019-11-27 9:57:00,15.9,7.1,113,5
DYKZ0000000009137,2019-11-27 10:10:01,13.2,3.2,3338,9
DYKZ0000000009133,2019-11-27 10:11:00,13.1,5.4,3260,5
LSYPHOTO000009926,2019-11-27 10:16:01,14.4,9.8,114,10
LSXPHOTO000004012,2019-11-27 10:18:00,15.9,9,114,6
DYKZ0000000009131,2019-11-27 10:19:00,13.2,4.6,3362,6
DYKZ0000000009136,2019-11-27 10:22:00,12.7,5.9,76,2
LSXPHOTO000004047,2019-11-27 10:27:01,15.8,8.5,114,7
LSXPHOTO000004046,2019-11-27 10:27:00,15.9,7.3,114,6
DYKZ0000000009137,2019-11-27 10:40:01,13.2,4.2,3338,9
DYKZ0000000009133,2019-11-27 10:41:00,13.2,6.8,3260,5
LSYPHOTO000009926,2019-11-27 10:46:00,14.4,10,114,10
LSXPHOTO000004012,2019-11-27 10:48:01,15.9,9.3,114,6
DYKZ0000000009131,2019-11-27 10:49:01,13.2,5.9,3362,6
DYKZ0000000009136,2019-11-27 10:52:00,12.9,5.6,76,2
LSXPHOTO000004047,2019-11-27 10:57:01,15.8,9,114,7
LSXPHOTO000004046,2019-11-27 10:57:01,15.9,7.6,114,6
LSXPHOTO000009224,2019-12-18 9:53:09,12.8,-1.6,6625,10
LSXPHOTO000009224,2019-12-18 9:53:23,12.8,-1.6,6625,10
LSXPHOTO000009224,2019-12-18 9:53:27,12.8,-1.6,6625,10
LSXPHOTO000009224,2019-12-18 9:53:31,12.8,-1.6,6625,10
LSXPHOTO000009220,2019-12-18 9:53:30,12.7,-8.9,6316,9
LSXPHOTO000009224,2019-12-18 9:53:35,12.8,-1.6,6625,10
LSXPHOTO000009220,2019-12-18 9:53:34,12.7,-8.9,6316,9
LSXPHOTO000009220,2019-12-18 9:53:37,12.7,-8.9,6316,9
LSXPHOTO000009224,2019-12-18 9:53:39,12.8,-1.6,6625,10
LSXPHOTO000009220,2019-12-18 9:53:41,12.7,-8.9,6316,9
LSXPHOTO000009224,2019-12-18 9:53:43,12.8,-1.6,6625,10
LSXPHOTO000009224,2019-12-18 9:53:47,12.8,-1.6,6625,10
LSXPHOTO000009224,2019-12-18 9:53:51,12.8,-1.6,6625,10
LSXPHOTO000009220,2019-12-18 9:53:52,12.7,-8.9,6316,9
LSXPHOTO000009224,2019-12-18 9:54:04,12.8,-1.6,6625,10
LSXPHOTO000009220,2019-12-18 9:54:04,12.7,-8.9,6316,9
LSXPHOTO000009224,2019-12-18 9:54:12,12.8,-1.6,6625,10
LSXPHOTO000009220,2019-12-18 9:54:10,12.7,-8.9,6316,9
LSXPHOTO000009224,2019-12-18 9:54:22,12.8,-1.6,6625,10
LSXPHOTO000009220,2019-12-18 9:54:20,12.7,-8.9,6316,9
LSXPHOTO000009224,2019-12-18 9:54:28,12.8,-1.6,6625,10
LSXPHOTO000009220,2019-12-18 9:54:27,12.7,-8.9,6316,9
LSXPHOTO000009224,2019-12-18 9:54:34,12.7,-2.6,6625,10
LSXPHOTO000009220,2019-12-18 9:54:32,12.7,-8.9,6316,9
LSXPHOTO000009224,2019-12-18 9:54:38,12.7,-2.6,6625,10
LSXPHOTO000009220,2019-12-18 9:54:36,12.7,-8.9,6316,9
LSXPHOTO000009220,2019-12-18 9:54:40,12.7,-8.9,6316,9
LSXPHOTO000009224,2019-12-18 9:54:42,12.7,-2.6,6625,10
LSXPHOTO000009224,2019-12-18 9:54:46,12.7,-2.6,6625,10
LSXPHOTO000009220,2019-12-18 9:54:44,12.7,-8.9,6316,9
LSXPHOTO000009220,2019-12-18 9:54:50,12.7,-8.9,6316,9
LSXPHOTO000009224,2019-12-18 9:54:54,12.7,-2.6,6625,10
LSXPHOTO000009220,2019-12-18 9:54:53,12.7,-8.9,6316,9
LSXPHOTO000009220,2019-12-18 9:54:57,12.7,-8.9,6316,9
LSXPHOTO000009220,2019-12-18 9:55:01,12.7,-8.9,6316,9
LSXPHOTO000009220,2019-12-18 9:55:04,12.7,-8.9,6316,9
LSXPHOTO000009224,2019-12-18 9:55:08,12.7,-2.6,6625,10
LSXPHOTO000009218,2019-12-18 9:55:08,12.6,-6.5,6628,8
LSXPHOTO000009220,2019-12-18 9:55:08,12.6,-9.7,6316,9
LSXPHOTO000009220,2019-12-18 9:55:11,12.6,-9.7,6316,9
LSXPHOTO000009224,2019-12-18 10:00:01,12.8,-4,6625,10
LSXPHOTO000009220,2019-12-18 10:11:01,12.6,-10.4,6317,10
LSXPHOTO000009218,2019-12-18 10:20:00,12.5,-6.7,6629,9
LSXPHOTO000009224,2019-12-18 10:30:01,12.7,-1.1,6626,11
LSXPHOTO000009218,2019-12-18 10:50:01,12.6,-3.6,6629,9
LSXPHOTO000009224,2019-12-18 11:00:01,12.7,0,6626,11
LSXPHOTO000009220,2019-12-18 11:11:00,12.6,-5.3,6318,11
LSXPHOTO000009218,2019-12-18 11:20:01,12.6,-3.6,6630,10
LSXPHOTO000009224,2019-12-18 11:30:01,12.7,0,6627,12
LSXPHOTO000009218,2019-12-18 11:50:01,12.6,-3.8,6630,10
LSXPHOTO000009224,2019-12-18 12:00:01,12.7,0.2,6627,12
LSXPHOTO000009220,2019-12-18 12:11:00,12.6,-5.3,6319,12
LSXPHOTO000009218,2019-12-18 12:20:01,12.6,-3.8,6631,11
LSXPHOTO000009224,2019-12-18 12:30:01,12.7,0,6628,13
LSXPHOTO000009218,2019-12-18 12:50:01,12.6,-3.8,6631,11
LSXPHOTO000009224,2019-12-18 13:00:01,12.7,-0.1,6628,13
LSXPHOTO000009220,2019-12-18 13:11:01,12.6,-5.5,6320,13
LSXPHOTO000009218,2019-12-18 13:20:01,12.6,-3.8,6632,12
LSXPHOTO000009224,2019-12-18 13:30:01,12.7,0,6629,14
LSXPHOTO000009220,2019-12-18 13:41:00,12.6,-5.3,6320,13
LSXPHOTO000009218,2019-12-18 13:50:01,12.5,-3.8,6632,12
LSXPHOTO000009224,2019-12-18 14:00:01,12.7,0,6629,14
LSXPHOTO000009218,2019-12-18 14:20:01,12.5,-3.8,6633,13
LSXPHOTO000009224,2019-12-18 14:30:00,12.7,-0.1,6630,15
LSXPHOTO000009220,2019-12-18 14:41:00,12.6,-5.3,6321,14
LSXPHOTO000009218,2019-12-18 14:50:01,12.5,-3.6,6633,13
LSXPHOTO000009224,2019-12-18 15:00:00,12.7,0,6630,15
LSXPHOTO000009220,2019-12-18 15:11:01,12.6,-5.3,6322,15
LSXPHOTO000009218,2019-12-18 15:20:01,12.6,-3.6,6634,14
LSXPHOTO000009224,2019-12-18 15:30:00,12.7,0,6631,16
LSXPHOTO000009220,2019-12-18 15:41:00,12.6,-5.3,6322,15
LSXPHOTO000009218,2019-12-18 15:50:01,12.6,-3.8,6634,14
LSXPHOTO000009224,2019-12-18 16:00:00,12.7,0,6631,16
LSXPHOTO000009220,2019-12-18 16:11:01,12.6,-5.3,6323,16
LSXPHOTO000009218,2019-12-18 16:20:01,12.6,-3.6,6635,15
LSXPHOTO000009224,2019-12-18 16:30:01,12.7,0.2,6632,17
LSXPHOTO000009220,2019-12-18 16:41:01,12.6,-5.3,6323,16
LSXPHOTO000009218,2019-12-18 16:50:00,12.5,-3.6,6635,15
LSXPHOTO000009224,2019-12-18 17:00:01,12.7,0,6632,17
LSXPHOTO000009224,2019-12-18 18:30:01,12.7,0.2,6634,19
LSXPHOTO000009220,2019-12-18 18:41:00,12.6,-5.3,6325,18
LSXPHOTO000009218,2019-12-18 18:50:01,12.5,-3.6,6637,17
LSXPHOTO000009220,2019-12-18 19:11:01,12.6,-5.3,6326,19
LSXPHOTO000009218,2019-12-18 19:20:01,12.5,-3.6,6638,18
LSXPHOTO000009224,2019-12-18 19:30:01,12.7,0,6635,20
LSXPHOTO000009220,2019-12-18 19:41:01,12.6,-5.3,6326,19
LSXPHOTO000009218,2019-12-18 19:50:01,12.6,-3.6,6638,18
LSXPHOTO000009220,2019-12-18 20:11:01,12.6,-5.3,6327,20
LSXPHOTO000009218,2019-12-18 20:20:01,12.5,-3.6,6639,19
LSXPHOTO000009224,2019-12-18 20:30:01,12.7,0,6635,0
LSXPHOTO000009220,2019-12-18 20:41:00,12.6,-5,6327,20
LSXPHOTO000009218,2019-12-18 20:50:01,12.5,-3.6,6639,19
LSXPHOTO000009224,2019-12-18 21:00:00,12.7,0,6635,0
LSXPHOTO000009220,2019-12-18 21:18:01,12.6,-5.3,6328,1
LSXPHOTO000009218,2019-12-18 21:20:01,12.5,-3.3,6640,20
LSXPHOTO000009224,2019-12-18 21:30:01,12.7,0,6636,1
LSXPHOTO000009220,2019-12-18 21:48:01,12.6,-5.3,6328,1
LSXPHOTO000009218,2019-12-18 21:50:01,12.5,-3.6,6640,20
LSXPHOTO000009224,2019-12-18 22:00:01,12.7,0,6636,1
LSXPHOTO000009220,2019-12-18 22:18:01,12.6,-5.3,6329,2
LSXPHOTO000009224,2019-12-18 22:30:00,12.7,0,6637,2
LSXPHOTO000009218,2019-12-18 22:41:00,12.5,-3.3,6641,0
LSXPHOTO000009220,2019-12-18 22:48:00,12.6,-5.3,6329,2
LSXPHOTO000009224,2019-12-18 23:00:01,12.7,0,6637,2
LSXPHOTO000009218,2019-12-18 23:11:01,12.5,-3.6,6642,1
LSXPHOTO000009220,2019-12-18 23:18:00,12.6,-5.5,6330,3
LSXPHOTO000009224,2019-12-18 23:30:00,12.7,0,6638,3
LSXPHOTO000009218,2019-12-18 23:41:01,12.5,-3.6,6642,1
LSXPHOTO000009220,2019-12-18 23:48:00,12.6,-5.3,6330,3
LSXPHOTO000009224,2019-12-19 0:00:01,12.7,0.2,6638,3
LSXPHOTO000009218,2019-12-19 0:11:01,12.5,-3.6,6643,2
LSXPHOTO000009220,2019-12-19 0:18:01,12.6,-5.5,6331,4
LSXPHOTO000009224,2019-12-19 0:30:00,12.7,0.2,6639,4
LSXPHOTO000009218,2019-12-19 0:41:01,12.5,-3.6,6643,2
LSXPHOTO000009220,2019-12-19 0:48:01,12.6,-5.5,6331,4
LSXPHOTO000009224,2019-12-19 1:00:00,12.7,0.2,6639,4
LSXPHOTO000009218,2019-12-19 1:11:01,12.5,-3.6,6644,3
LSXPHOTO000009220,2019-12-19 1:18:00,12.6,-5.3,6332,5
LSXPHOTO000009224,2019-12-19 1:30:00,12.7,0,6640,5
LSXPHOTO000009218,2019-12-19 1:41:00,12.5,-3.8,6644,3
LSXPHOTO000009220,2019-12-19 1:48:01,12.6,-5.3,6332,5
LSXPHOTO000009224,2019-12-19 2:00:00,12.7,0,6640,5
LSXPHOTO000009218,2019-12-19 2:11:00,12.5,-3.6,6645,4
LSXPHOTO000009220,2019-12-19 2:18:01,12.6,-5.3,6333,6
LSXPHOTO000009224,2019-12-19 2:30:00,12.7,0,6641,6
LSXPHOTO000009218,2019-12-19 2:41:00,12.5,-3.6,6645,4
LSXPHOTO000009220,2019-12-19 2:48:00,12.6,-5.3,6333,6
LSXPHOTO000009224,2019-12-19 3:00:00,12.7,0,6641,6
LSXPHOTO000009218,2019-12-19 3:11:00,12.5,-3.6,6646,5
LSXPHOTO000009220,2019-12-19 3:18:01,12.6,-5.3,6334,7
LSXPHOTO000009224,2019-12-19 3:30:00,12.7,0,6642,7
LSXPHOTO000009218,2019-12-19 3:41:00,12.5,-3.6,6646,5
LSXPHOTO000009220,2019-12-19 3:48:00,12.6,-5.3,6334,7
LSXPHOTO000009224,2019-12-19 4:00:00,12.7,0,6642,7
LSXPHOTO000009218,2019-12-19 4:11:00,12.5,-3.6,6647,6
LSXPHOTO000009220,2019-12-19 4:18:00,12.6,-5.3,6335,8
LSXPHOTO000009224,2019-12-19 4:30:00,12.7,0,6643,8
LSXPHOTO000009218,2019-12-19 4:41:00,12.5,-3.6,6647,6
LSXPHOTO000009220,2019-12-19 4:48:00,12.6,-5.3,6335,8
LSXPHOTO000009224,2019-12-19 5:00:01,12.7,0,6643,8
LSXPHOTO000009218,2019-12-19 5:11:00,12.5,-3.6,6648,7
LSXPHOTO000009220,2019-12-19 5:18:01,12.6,-5.3,6336,9
LSXPHOTO000009224,2019-12-19 5:30:00,12.7,0,6644,9
LSXPHOTO000009218,2019-12-19 5:41:00,12.5,-3.3,6648,7
LSXPHOTO000009220,2019-12-19 5:48:01,12.6,-5.3,6336,9
LSXPHOTO000009224,2019-12-19 6:00:01,12.7,0,6644,9
LSXPHOTO000009218,2019-12-19 6:11:01,12.5,-3.3,6649,8
LSXPHOTO000009220,2019-12-19 6:18:00,12.6,-5.3,6337,10
LSXPHOTO000009224,2019-12-19 6:30:00,12.7,0,6645,10
LSXPHOTO000009218,2019-12-19 6:41:00,12.5,-3.6,6649,8
LSXPHOTO000009220,2019-12-19 6:48:00,12.5,-5.5,6337,10
LSXPHOTO000009224,2019-12-19 7:00:01,12.7,-0.1,6645,10
LSXPHOTO000009218,2019-12-19 7:11:00,12.5,-3.6,6650,9
LSXPHOTO000009220,2019-12-19 7:18:01,12.6,-5.5,6338,11
LSXPHOTO000009224,2019-12-19 7:30:00,12.7,0,6646,11
LSXPHOTO000009218,2019-12-19 7:41:01,12.5,-3.6,6650,9
LSXPHOTO000009220,2019-12-19 7:48:00,12.6,-5.3,6338,11
LSXPHOTO000009224,2019-12-19 8:00:00,12.7,0.2,6646,11
LSXPHOTO000009218,2019-12-19 8:11:01,12.5,-3.8,6651,10
LSXPHOTO000009220,2019-12-19 8:18:00,12.6,-5.3,6339,12
LSXPHOTO000009224,2019-12-19 8:30:00,12.7,0,6647,12
LSXPHOTO000009218,2019-12-19 8:41:01,12.5,-3.6,6651,10
LSXPHOTO000009220,2019-12-19 8:48:00,12.6,-5.5,6339,12
LSXPHOTO000009224,2019-12-19 9:00:00,12.7,0,6647,12
LSXPHOTO000009218,2019-12-19 9:11:01,12.5,-3.6,6652,11
LSXPHOTO000009220,2019-12-19 9:18:00,12.6,-5.5,6340,13
LSXPHOTO000009224,2019-12-19 9:30:00,12.7,0,6648,13
LSXPHOTO000009218,2019-12-19 9:41:01,12.5,-3.6,6652,11
LSXPHOTO000009220,2019-12-19 9:48:00,12.6,-5.5,6340,13
LSXPHOTO000009224,2019-12-19 10:00:00,12.7,0,6648,13
LSXPHOTO000009218,2019-12-19 10:11:01,12.5,-3.6,6653,12
LSXPHOTO000009218,2019-12-19 10:41:01,12.5,-3.6,6653,12
LSXPHOTO000009220,2019-12-19 10:48:00,12.6,-5.5,6341,14
LSXPHOTO000009224,2019-12-19 11:00:00,12.7,0,6649,14
LSXPHOTO000009218,2019-12-19 11:11:01,12.5,-3.6,6654,13
LSXPHOTO000009220,2019-12-19 11:18:01,12.6,-5.3,6342,15
LSXPHOTO000009224,2019-12-19 11:30:00,12.7,0,6650,15
LSXPHOTO000009218,2019-12-19 11:41:01,12.5,-3.3,6654,13
LSXPHOTO000009220,2019-12-19 11:48:01,12.5,-5.5,6342,15
LSXPHOTO000009224,2019-12-19 12:00:00,12.7,0,6650,15
LSXPHOTO000009224,2019-12-19 12:30:00,12.7,0,6651,16
LSXPHOTO000009218,2019-12-19 12:41:01,12.5,-3.6,6655,14
LSXPHOTO000009220,2019-12-19 12:48:01,12.6,-5.3,6343,16
LSXPHOTO000009224,2019-12-19 13:00:00,12.7,0,6651,16
LSXPHOTO000009218,2019-12-19 13:11:01,12.5,-3.6,6656,15
LSXPHOTO000009220,2019-12-19 13:18:00,12.6,-5.3,6344,17
LSXPHOTO000009224,2019-12-19 13:30:00,12.7,0,6652,17
LSXPHOTO000009218,2019-12-19 13:41:00,12.5,-3.6,6656,15
LSXPHOTO000009220,2019-12-19 13:48:00,12.6,-5.3,6344,17
LSXPHOTO000009224,2019-12-19 14:00:00,12.7,0,6652,17
LSXPHOTO000009218,2019-12-19 14:11:00,12.5,-3.6,6657,16
LSXPHOTO000009220,2019-12-19 14:18:01,12.5,-5.5,6345,18
LSXPHOTO000009224,2019-12-19 14:30:00,12.6,0.2,6653,18
LSXPHOTO000009218,2019-12-19 14:41:00,12.5,-3.6,6657,16
LSXPHOTO000009220,2019-12-19 14:48:00,12.6,-5.3,6345,18
LSXPHOTO000009224,2019-12-19 15:00:00,12.7,0,6653,18
LSXPHOTO000009218,2019-12-19 15:11:00,12.5,-3.6,6658,17
LSXPHOTO000009220,2019-12-19 15:18:01,12.5,-5.3,6346,19
LSXPHOTO000009224,2019-12-19 15:30:00,12.7,0,6654,19
LSXPHOTO000009218,2019-12-19 15:41:00,12.5,-3.6,6658,17
LSXPHOTO000009220,2019-12-19 15:48:00,12.5,-5.5,6346,19
LSXPHOTO000009224,2019-12-19 16:00:00,12.7,0,6654,19
LSXPHOTO000009218,2019-12-19 16:11:00,12.5,-3.6,6659,18
LSXPHOTO000009220,2019-12-19 16:18:00,12.5,-5,6347,20
LSXPHOTO000009218,2019-12-19 16:41:00,12.5,-3.8,6659,18
LSXPHOTO000009220,2019-12-19 16:48:01,12.5,-5.3,6347,20
LSXPHOTO000009224,2019-12-19 17:00:00,12.7,0,6655,0
LSXPHOTO000009218,2019-12-19 17:11:00,12.5,-3.6,6660,19
LSXPHOTO000009220,2019-12-19 17:18:00,12.5,-5.5,6348,21
LSXPHOTO000009224,2019-12-19 17:30:00,12.7,0,6656,1
LSXPHOTO000009218,2019-12-19 17:41:00,12.5,-3.6,6660,19
XLZH0000000000001,2019-12-19 18:24:01,12,12.7,5,5
XLZH0000000000001,2019-12-19 18:54:01,12,12.2,5,5
XLZH0000000000001,2019-12-19 19:24:01,12,12.2,6,6
XLZH0000000000001,2019-12-19 19:54:01,12,12.5,6,6
XLZH0000000000001,2019-12-19 20:24:01,12,12.2,7,7
XLZH0000000000001,2019-12-19 20:54:01,12,12.2,7,7
XLZH0000000000001,2019-12-19 21:24:01,12,12.5,8,8
XLZH0000000000001,2019-12-19 21:54:01,12,12.2,8,8
XLZH0000000000001,2019-12-19 22:24:01,12,12.2,9,9
XLZH0000000000001,2019-12-19 22:54:01,12,12.2,9,9
XLZH0000000000001,2019-12-19 23:24:01,12,12,10,10
XLZH0000000000001,2019-12-19 23:54:01,12,12.2,10,10
XLZH0000000000001,2019-12-20 0:24:00,12,12.2,11,11
XLZH0000000000001,2019-12-20 0:54:00,12,12.2,11,11
XLZH0000000000001,2019-12-20 1:24:00,12,12,12,12
XLZH0000000000001,2019-12-20 1:54:00,12,12,12,12
XLZH0000000000001,2019-12-20 2:24:00,12,12,13,13
XLZH0000000000001,2019-12-20 2:54:00,12,11.7,13,13
XLZH0000000000001,2019-12-20 3:24:01,12,12,14,14
XLZH0000000000001,2019-12-20 3:54:01,12,12,14,14
XLZH0000000000001,2019-12-20 4:24:01,12,12,15,15
XLZH0000000000001,2019-12-20 4:54:01,12,12,15,15
XLZH0000000000001,2019-12-20 5:24:01,12,12,16,16
XLZH0000000000001,2019-12-20 5:54:01,12,12,16,16
XLZH0000000000001,2019-12-20 6:24:01,12,12,17,17
XLZH0000000000001,2019-12-20 6:54:01,12,11.7,17,17
XLZH0000000000001,2019-12-20 7:24:01,12,11.7,18,18
XLZH0000000000001,2019-12-20 7:54:01,12,11.7,18,18
XLZH0000000000001,2019-12-20 8:24:01,12,11.7,19,19
XLZH0000000000001,2019-12-20 8:54:00,12,12.2,19,19
XLZH0000000000001,2019-12-20 9:24:00,12,11.7,20,20
XLZH0000000000001,2019-12-20 9:54:00,12,12,20,20
XLZH0000000000001,2019-12-20 10:24:00,12,12.2,21,21
XLZH0000000000001,2019-12-20 10:54:00,12,12.5,21,21
XLZH0000000000001,2019-12-20 11:24:00,12,12,22,22
XLZH0000000000001,2019-12-20 11:54:00,12,12.5,22,22
XLZH0000000000001,2019-12-20 12:24:01,12,12.2,23,23
XLZH0000000000001,2019-12-20 12:54:01,12,12.2,23,23
XLZH0000000000001,2019-12-20 13:24:00,12,12.5,24,24
